code,title,Level,Hierarchical_structure,isic1d,isic2d,isic3d,isic4d
A,"Agriculture, forestry and fishing",1,Section,A,NA,NA,NA
01,"Crop and animal production, hunting and related service activities",2,Division,A,01,NA,NA
011,Growing of non-perennial crops,3,Group,A,01,01,NA
0111,"Growing of cereals (except rice), leguminous crops and oil seeds",4,Classes,A,01,01,0111
0112,Growing of rice,4,Classes,A,01,01,0112
0113,"Growing of vegetables and melons, roots and tubers",4,Classes,A,01,01,0113
0114,Growing of sugar cane,4,Classes,A,01,01,0114
0115,Growing of tobacco,4,Classes,A,01,01,0115
0116,Growing of fibre crops,4,Classes,A,01,01,0116
0119,Growing of other non-perennial crops,4,Classes,A,01,01,0119
012,Growing of perennial crops,3,Group,A,01,01,NA
0121,Growing of grapes,4,Classes,A,01,01,0121
0122,Growing of tropical and subtropical fruits,4,Classes,A,01,01,0122
0123,Growing of citrus fruits,4,Classes,A,01,01,0123
0124,Growing of pome fruits and stone fruits,4,Classes,A,01,01,0124
0125,Growing of other tree and bush fruits and nuts,4,Classes,A,01,01,0125
0126,Growing of oleaginous fruits,4,Classes,A,01,01,0126
0127,Growing of beverage crops,4,Classes,A,01,01,0127
0128,"Growing of spices, aromatic, drug and pharmaceutical crops",4,Classes,A,01,01,0128
0129,Growing of other perennial crops,4,Classes,A,01,01,0129
013,Plant propagation,3,Group,A,01,01,NA
0130,Plant propagation,4,Classes,A,01,01,0130
014,Animal production,3,Group,A,01,01,NA
0141,Raising of cattle and buffaloes,4,Classes,A,01,01,0141
0142,Raising of horses and other equines,4,Classes,A,01,01,0142
0143,Raising of camels and camelids,4,Classes,A,01,01,0143
0144,Raising of sheep and goats,4,Classes,A,01,01,0144
0145,Raising of swine/pigs,4,Classes,A,01,01,0145
0146,Raising of poultry,4,Classes,A,01,01,0146
0149,Raising of other animals,4,Classes,A,01,01,0149
015,Mixed farming,3,Group,A,01,01,NA
0150,Mixed farming,4,Classes,A,01,01,0150
016,Support activities to agriculture and post-harvest crop activities,3,Group,A,01,01,NA
0161,Support activities for crop production,4,Classes,A,01,01,0161
0162,Support activities for animal production,4,Classes,A,01,01,0162
0163,Post-harvest crop activities,4,Classes,A,01,01,0163
0164,Seed processing for propagation,4,Classes,A,01,01,0164
017,"Hunting, trapping and related service activities",3,Group,A,01,01,NA
0170,"Hunting, trapping and related service activities",4,Classes,A,01,01,0170
02,Forestry and logging,2,Division,A,02,NA,NA
021,Silviculture and other forestry activities,3,Group,A,02,02,NA
0210,Silviculture and other forestry activities,4,Classes,A,02,02,0210
022,Logging,3,Group,A,02,02,NA
0220,Logging,4,Classes,A,02,02,0220
023,Gathering of non-wood forest products,3,Group,A,02,02,NA
0230,Gathering of non-wood forest products,4,Classes,A,02,02,0230
024,Support services to forestry,3,Group,A,02,02,NA
0240,Support services to forestry,4,Classes,A,02,02,0240
03,Fishing and aquaculture,2,Division,A,03,NA,NA
031,Fishing,3,Group,A,03,03,NA
0311,Marine fishing,4,Classes,A,03,03,0311
0312,Freshwater fishing,4,Classes,A,03,03,0312
032,Aquaculture,3,Group,A,03,03,NA
0321,Marine aquaculture,4,Classes,A,03,03,0321
0322,Freshwater aquaculture,4,Classes,A,03,03,0322
B,Mining and quarrying,1,Section,B,NA,NA,NA
05,Mining of coal and lignite,2,Division,B,05,NA,NA
051,Mining of hard coal,3,Group,B,05,05,NA
0510,Mining of hard coal,4,Classes,B,05,05,0510
052,Mining of lignite,3,Group,B,05,05,NA
0520,Mining of lignite,4,Classes,B,05,05,0520
06,Extraction of crude petroleum and natural gas,2,Division,B,06,NA,NA
061,Extraction of crude petroleum,3,Group,B,06,06,NA
0610,Extraction of crude petroleum,4,Classes,B,06,06,0610
062,Extraction of natural gas,3,Group,B,06,06,NA
0620,Extraction of natural gas,4,Classes,B,06,06,0620
07,Mining of metal ores,2,Division,B,07,NA,NA
071,Mining of iron ores,3,Group,B,07,07,NA
0710,Mining of iron ores,4,Classes,B,07,07,0710
072,Mining of non-ferrous metal ores,3,Group,B,07,07,NA
0721,Mining of uranium and thorium ores,4,Classes,B,07,07,0721
0729,Mining of other non-ferrous metal ores,4,Classes,B,07,07,0729
08,Other mining and quarrying,2,Division,B,08,NA,NA
081,"Quarrying of stone, sand and clay",3,Group,B,08,08,NA
0810,"Quarrying of stone, sand and clay",4,Classes,B,08,08,0810
089,Mining and quarrying n.e.c.,3,Group,B,08,08,NA
0891,Mining of chemical and fertilizer minerals,4,Classes,B,08,08,0891
0892,Extraction of peat,4,Classes,B,08,08,0892
0893,Extraction of salt,4,Classes,B,08,08,0893
0899,Other mining and quarrying n.e.c.,4,Classes,B,08,08,0899
09,Mining support service activities,2,Division,B,09,NA,NA
091,Support activities for petroleum and natural gas extraction,3,Group,B,09,09,NA
0910,Support activities for petroleum and natural gas extraction,4,Classes,B,09,09,0910
099,Support activities for other mining and quarrying,3,Group,B,09,09,NA
0990,Support activities for other mining and quarrying,4,Classes,B,09,09,0990
C,Manufacturing,1,Section,C,NA,NA,NA
10,Manufacture of food products,2,Division,C,10,NA,NA
101,Processing and preserving of meat,3,Group,C,10,10,NA
1010,Processing and preserving of meat,4,Classes,C,10,10,1010
102,"Processing and preserving of fish, crustaceans and molluscs",3,Group,C,10,10,NA
1020,"Processing and preserving of fish, crustaceans and molluscs",4,Classes,C,10,10,1020
103,Processing and preserving of fruit and vegetables,3,Group,C,10,10,NA
1030,Processing and preserving of fruit and vegetables,4,Classes,C,10,10,1030
104,Manufacture of vegetable and animal oils and fats,3,Group,C,10,10,NA
1040,Manufacture of vegetable and animal oils and fats,4,Classes,C,10,10,1040
105,Manufacture of dairy products,3,Group,C,10,10,NA
1050,Manufacture of dairy products,4,Classes,C,10,10,1050
106,"Manufacture of grain mill products, starches and starch products",3,Group,C,10,10,NA
1061,Manufacture of grain mill products,4,Classes,C,10,10,1061
1062,Manufacture of starches and starch products,4,Classes,C,10,10,1062
107,Manufacture of other food products,3,Group,C,10,10,NA
1071,Manufacture of bakery products,4,Classes,C,10,10,1071
1072,Manufacture of sugar,4,Classes,C,10,10,1072
1073,"Manufacture of cocoa, chocolate and sugar confectionery",4,Classes,C,10,10,1073
1074,"Manufacture of macaroni, noodles, couscous and similar farinaceous products",4,Classes,C,10,10,1074
1075,Manufacture of prepared meals and dishes,4,Classes,C,10,10,1075
1079,Manufacture of other food products n.e.c.,4,Classes,C,10,10,1079
108,Manufacture of prepared animal feeds,3,Group,C,10,10,NA
1080,Manufacture of prepared animal feeds,4,Classes,C,10,10,1080
11,Manufacture of beverages,2,Division,C,11,NA,NA
110,Manufacture of beverages,3,Group,C,11,11,NA
1101,"Distilling, rectifying and blending of spirits",4,Classes,C,11,11,1101
1102,Manufacture of wines,4,Classes,C,11,11,1102
1103,Manufacture of malt liquors and malt,4,Classes,C,11,11,1103
1104,Manufacture of soft drinks; production of mineral waters and other bottled waters,4,Classes,C,11,11,1104
12,Manufacture of tobacco products,2,Division,C,12,NA,NA
120,Manufacture of tobacco products,3,Group,C,12,12,NA
1200,Manufacture of tobacco products,4,Classes,C,13,13,1200
13,Manufacture of textiles,2,Division,C,13,NA,NA
131,"Spinning, weaving and finishing of textiles",3,Group,C,13,13,NA
1311,Preparation and spinning of textile fibres,4,Classes,C,13,13,1311
1312,Weaving of textiles,4,Classes,C,13,13,1312
1313,Finishing of textiles,4,Classes,C,13,13,1313
139,Manufacture of other textiles,3,Group,C,13,13,NA
1391,Manufacture of knitted and crocheted fabrics,4,Classes,C,13,13,1391
1392,"Manufacture of made-up textile articles, except apparel",4,Classes,C,13,13,1392
1393,Manufacture of carpets and rugs,4,Classes,C,13,13,1393
1394,"Manufacture of cordage, rope, twine and netting",4,Classes,C,13,13,1394
1399,Manufacture of other textiles n.e.c.,4,Classes,C,13,13,1399
14,Manufacture of wearing apparel,2,Division,C,14,NA,NA
141,"Manufacture of wearing apparel, except fur apparel",3,Group,C,14,14,NA
1410,"Manufacture of wearing apparel, except fur apparel",4,Classes,C,14,14,1410
142,Manufacture of articles of fur,3,Group,C,14,14,NA
1420,Manufacture of articles of fur,4,Classes,C,14,14,1420
143,Manufacture of knitted and crocheted apparel,3,Group,C,14,14,NA
1430,Manufacture of knitted and crocheted apparel,4,Classes,C,14,14,1430
15,Manufacture of leather and related products,2,Division,C,15,NA,NA
151,"Tanning and dressing of leather; manufacture of luggage, handbags, saddlery and harness; dressing and dyeing of fur",3,Group,C,15,15,NA
1511,Tanning and dressing of leather; dressing and dyeing of fur,4,Classes,C,15,15,1511
1512,"Manufacture of luggage, handbags and the like, saddlery and harness",4,Classes,C,15,15,1512
152,Manufacture of footwear,3,Group,C,15,15,NA
1520,Manufacture of footwear,4,Classes,C,15,15,1520
16,"Manufacture of wood and of products of wood and cork, except furniture; manufacture of articles of straw and plaiting materials",2,Division,C,16,NA,NA
161,Sawmilling and planing of wood,3,Group,C,16,16,NA
1610,Sawmilling and planing of wood,4,Classes,C,16,16,1610
162,"Manufacture of products of wood, cork, straw and plaiting materials",3,Group,C,16,16,NA
1621,Manufacture of veneer sheets and wood-based panels,4,Classes,C,16,16,1621
1622,Manufacture of builders' carpentry and joinery,4,Classes,C,16,16,1622
1623,Manufacture of wooden containers,4,Classes,C,16,16,1623
1629,"Manufacture of other products of wood; manufacture of articles of cork, straw and plaiting materials",4,Classes,C,16,16,1629
17,Manufacture of paper and paper products,2,Division,C,17,NA,NA
170,Manufacture of paper and paper products,3,Group,C,17,17,NA
1701,"Manufacture of pulp, paper and paperboard",4,Classes,C,17,17,1701
1702,Manufacture of corrugated paper and paperboard and of containers of paper and paperboard,4,Classes,C,17,17,1702
1709,Manufacture of other articles of paper and paperboard,4,Classes,C,17,17,1709
18,Printing and reproduction of recorded media,2,Division,C,18,NA,NA
181,Printing and service activities related to printing,3,Group,C,18,18,NA
1811,Printing,4,Classes,C,18,18,1811
1812,Service activities related to printing,4,Classes,C,18,18,1812
182,Reproduction of recorded media,3,Group,C,18,18,NA
1820,Reproduction of recorded media,4,Classes,C,18,18,1820
19,Manufacture of coke and refined petroleum products,2,Division,C,19,NA,NA
191,Manufacture of coke oven products,3,Group,C,19,19,NA
1910,Manufacture of coke oven products,4,Classes,C,19,19,1910
192,Manufacture of refined petroleum products,3,Group,C,19,19,NA
1920,Manufacture of refined petroleum products,4,Classes,C,19,19,1920
20,Manufacture of chemicals and chemical products,2,Division,C,20,NA,NA
201,"Manufacture of basic chemicals, fertilizers and nitrogen compounds, plastics and synthetic rubber in primary forms",3,Group,C,20,20,NA
2011,Manufacture of basic chemicals,4,Classes,C,20,20,2011
2012,Manufacture of fertilizers and nitrogen compounds,4,Classes,C,20,20,2012
2013,Manufacture of plastics and synthetic rubber in primary forms,4,Classes,C,20,20,2013
202,Manufacture of other chemical products,3,Group,C,20,20,NA
2021,Manufacture of pesticides and other agrochemical products,4,Classes,C,20,20,2021
2022,"Manufacture of paints, varnishes and similar coatings, printing ink and mastics",4,Classes,C,20,20,2022
2023,"Manufacture of soap and detergents, cleaning and polishing preparations, perfumes and toilet preparations",4,Classes,C,20,20,2023
2029,Manufacture of other chemical products n.e.c.,4,Classes,C,20,20,2029
203,Manufacture of man-made fibres,3,Group,C,20,20,NA
2030,Manufacture of man-made fibres,4,Classes,C,20,20,2030
21,Manufacture of basic pharmaceutical products and pharmaceutical preparations,2,Division,C,21,NA,NA
210,"Manufacture of pharmaceuticals, medicinal chemical and botanical products",3,Group,C,21,21,NA
2100,"Manufacture of pharmaceuticals, medicinal chemical and botanical products",4,Classes,C,21,21,2100
22,Manufacture of rubber and plastics products,2,Division,C,22,NA,NA
221,Manufacture of rubber products,3,Group,C,22,22,NA
2211,Manufacture of rubber tyres and tubes; retreading and rebuilding of rubber tyres,4,Classes,C,22,22,2211
2219,Manufacture of other rubber products,4,Classes,C,22,22,2219
222,Manufacture of plastics products,3,Group,C,22,22,NA
2220,Manufacture of plastics products,4,Classes,C,22,22,2220
23,Manufacture of other non-metallic mineral products,2,Division,C,23,NA,NA
231,Manufacture of glass and glass products,3,Group,C,23,23,NA
2310,Manufacture of glass and glass products,4,Classes,C,23,23,2310
239,Manufacture of non-metallic mineral products n.e.c.,3,Group,C,23,23,NA
2391,Manufacture of refractory products,4,Classes,C,23,23,2391
2392,Manufacture of clay building materials,4,Classes,C,23,23,2392
2393,Manufacture of other porcelain and ceramic products,4,Classes,C,23,23,2393
2394,"Manufacture of cement, lime and plaster",4,Classes,C,23,23,2394
2395,"Manufacture of articles of concrete, cement and plaster",4,Classes,C,23,23,2395
2396,"Cutting, shaping and finishing of stone",4,Classes,C,23,23,2396
2399,Manufacture of other non-metallic mineral products n.e.c.,4,Classes,C,23,23,2399
24,Manufacture of basic metals,2,Division,C,24,NA,NA
241,Manufacture of basic iron and steel,3,Group,C,24,24,NA
2410,Manufacture of basic iron and steel,4,Classes,C,24,24,2410
242,Manufacture of basic precious and other non-ferrous metals,3,Group,C,24,24,NA
2420,Manufacture of basic precious and other non-ferrous metals,4,Classes,C,24,24,2420
243,Casting of metals,3,Group,C,24,24,NA
2431,Casting of iron and steel,4,Classes,C,24,24,2431
2432,Casting of non-ferrous metals,4,Classes,C,24,24,2432
25,"Manufacture of fabricated metal products, except machinery and equipment",2,Division,C,25,NA,NA
251,"Manufacture of structural metal products, tanks, reservoirs and steam generators",3,Group,C,25,25,NA
2511,Manufacture of structural metal products,4,Classes,C,25,25,2511
2512,"Manufacture of tanks, reservoirs and containers of metal",4,Classes,C,25,25,2512
2513,"Manufacture of steam generators, except central heating hot water boilers",4,Classes,C,25,25,2513
252,Manufacture of weapons and ammunition,3,Group,C,25,25,NA
2520,Manufacture of weapons and ammunition,4,Classes,C,25,25,2520
259,Manufacture of other fabricated metal products; metalworking service activities,3,Group,C,25,25,NA
2591,"Forging, pressing, stamping and roll-forming of metal; powder metallurgy",4,Classes,C,25,25,2591
2592,Treatment and coating of metals; machining,4,Classes,C,25,25,2592
2593,"Manufacture of cutlery, hand tools and general hardware",4,Classes,C,25,25,2593
2599,Manufacture of other fabricated metal products n.e.c.,4,Classes,C,25,25,2599
26,"Manufacture of computer, electronic and optical products",2,Division,C,26,NA,NA
261,Manufacture of electronic components and boards,3,Group,C,26,26,NA
2610,Manufacture of electronic components and boards,4,Classes,C,26,26,2610
262,Manufacture of computers and peripheral equipment,3,Group,C,26,26,NA
2620,Manufacture of computers and peripheral equipment,4,Classes,C,26,26,2620
263,Manufacture of communication equipment,3,Group,C,26,26,NA
2630,Manufacture of communication equipment,4,Classes,C,26,26,2630
264,Manufacture of consumer electronics,3,Group,C,26,26,NA
2640,Manufacture of consumer electronics,4,Classes,C,26,26,2640
265,"Manufacture of measuring, testing, navigating and control equipment; watches and clocks",3,Group,C,26,26,NA
2651,"Manufacture of measuring, testing, navigating and control equipment",4,Classes,C,26,26,2651
2652,Manufacture of watches and clocks,4,Classes,C,26,26,2652
266,"Manufacture of irradiation, electromedical and electrotherapeutic equipment",3,Group,C,26,26,NA
2660,"Manufacture of irradiation, electromedical and electrotherapeutic equipment",4,Classes,C,26,26,2660
267,Manufacture of optical instruments and photographic equipment,3,Group,C,26,26,NA
2670,Manufacture of optical instruments and photographic equipment,4,Classes,C,26,26,2670
268,Manufacture of magnetic and optical media,3,Group,C,26,26,NA
2680,Manufacture of magnetic and optical media,4,Classes,C,26,26,2680
27,Manufacture of electrical equipment,2,Division,C,27,NA,NA
271,"Manufacture of electric motors, generators, transformers and electricity distribution and control apparatus",3,Group,C,27,27,NA
2710,"Manufacture of electric motors, generators, transformers and electricity distribution and control apparatus",4,Classes,C,27,27,2710
272,Manufacture of batteries and accumulators,3,Group,C,27,27,NA
2720,Manufacture of batteries and accumulators,4,Classes,C,27,27,2720
273,Manufacture of wiring and wiring devices,3,Group,C,27,27,NA
2731,Manufacture of fibre optic cables,4,Classes,C,27,27,2731
2732,Manufacture of other electronic and electric wires and cables,4,Classes,C,27,27,2732
2733,Manufacture of wiring devices,4,Classes,C,27,27,2733
274,Manufacture of electric lighting equipment,3,Group,C,27,27,NA
2740,Manufacture of electric lighting equipment,4,Classes,C,27,27,2740
275,Manufacture of domestic appliances,3,Group,C,27,27,NA
2750,Manufacture of domestic appliances,4,Classes,C,27,27,2750
279,Manufacture of other electrical equipment,3,Group,C,27,27,NA
2790,Manufacture of other electrical equipment,4,Classes,C,27,27,2790
28,Manufacture of machinery and equipment n.e.c.,2,Division,C,28,NA,NA
281,Manufacture of general-purpose machinery,3,Group,C,28,28,NA
2811,"Manufacture of engines and turbines, except aircraft, vehicle and cycle engines",4,Classes,C,28,28,2811
2812,Manufacture of fluid power equipment,4,Classes,C,28,28,2812
2813,"Manufacture of other pumps, compressors, taps and valves",4,Classes,C,28,28,2813
2814,"Manufacture of bearings, gears, gearing and driving elements",4,Classes,C,28,28,2814
2815,"Manufacture of ovens, furnaces and furnace burners",4,Classes,C,28,28,2815
2816,Manufacture of lifting and handling equipment,4,Classes,C,28,28,2816
2817,Manufacture of office machinery and equipment (except computers and peripheral equipment),4,Classes,C,28,28,2817
2818,Manufacture of power-driven hand tools,4,Classes,C,28,28,2818
2819,Manufacture of other general-purpose machinery,4,Classes,C,28,28,2819
282,Manufacture of special-purpose machinery,3,Group,C,28,28,NA
2821,Manufacture of agricultural and forestry machinery,4,Classes,C,28,28,2821
2822,Manufacture of metal-forming machinery and machine tools,4,Classes,C,28,28,2822
2823,Manufacture of machinery for metallurgy,4,Classes,C,28,28,2823
2824,"Manufacture of machinery for mining, quarrying and construction",4,Classes,C,28,28,2824
2825,"Manufacture of machinery for food, beverage and tobacco processing",4,Classes,C,28,28,2825
2826,"Manufacture of machinery for textile, apparel and leather production",4,Classes,C,28,28,2826
2829,Manufacture of other special-purpose machinery,4,Classes,C,28,28,2829
29,"Manufacture of motor vehicles, trailers and semi-trailers",2,Division,C,29,NA,NA
291,Manufacture of motor vehicles,3,Group,C,29,29,NA
2910,Manufacture of motor vehicles,4,Classes,C,29,29,2910
292,Manufacture of bodies (coachwork) for motor vehicles; manufacture of trailers and semi-trailers,3,Group,C,29,29,NA
2920,Manufacture of bodies (coachwork) for motor vehicles; manufacture of trailers and semi-trailers,4,Classes,C,29,29,2920
293,Manufacture of parts and accessories for motor vehicles,3,Group,C,29,29,NA
2930,Manufacture of parts and accessories for motor vehicles,4,Classes,C,29,29,2930
30,Manufacture of other transport equipment,2,Division,C,30,NA,NA
301,Building of ships and boats,3,Group,C,30,30,NA
3011,Building of ships and floating structures,4,Classes,C,30,30,3011
3012,Building of pleasure and sporting boats,4,Classes,C,30,30,3012
302,Manufacture of railway locomotives and rolling stock,3,Group,C,30,30,NA
3020,Manufacture of railway locomotives and rolling stock,4,Classes,C,30,30,3020
303,Manufacture of air and spacecraft and related machinery,3,Group,C,30,30,NA
3030,Manufacture of air and spacecraft and related machinery,4,Classes,C,30,30,3030
304,Manufacture of military fighting vehicles,3,Group,C,30,30,NA
3040,Manufacture of military fighting vehicles,4,Classes,C,30,30,3040
309,Manufacture of transport equipment n.e.c.,3,Group,C,30,30,NA
3091,Manufacture of motorcycles,4,Classes,C,30,30,3091
3092,Manufacture of bicycles and invalid carriages,4,Classes,C,30,30,3092
3099,Manufacture of other transport equipment n.e.c.,4,Classes,C,30,30,3099
31,Manufacture of furniture,2,Division,C,31,NA,NA
310,Manufacture of furniture,3,Group,C,31,31,NA
3100,Manufacture of furniture,4,Classes,C,31,31,3100
32,Other manufacturing,2,Division,C,32,NA,NA
321,"Manufacture of jewellery, bijouterie and related articles",3,Group,C,32,32,NA
3211,Manufacture of jewellery and related articles,4,Classes,C,32,32,3211
3212,Manufacture of imitation jewellery and related articles,4,Classes,C,32,32,3212
322,Manufacture of musical instruments,3,Group,C,32,32,NA
3220,Manufacture of musical instruments,4,Classes,C,32,32,3220
323,Manufacture of sports goods,3,Group,C,32,32,NA
3230,Manufacture of sports goods,4,Classes,C,32,32,3230
324,Manufacture of games and toys,3,Group,C,32,32,NA
3240,Manufacture of games and toys,4,Classes,C,32,32,3240
325,Manufacture of medical and dental instruments and supplies,3,Group,C,32,32,NA
3250,Manufacture of medical and dental instruments and supplies,4,Classes,C,32,32,3250
329,Other manufacturing n.e.c.,3,Group,C,32,32,NA
3290,Other manufacturing n.e.c.,4,Classes,C,32,32,3290
33,Repair and installation of machinery and equipment,2,Division,C,33,NA,NA
331,"Repair of fabricated metal products, machinery and equipment",3,Group,C,33,33,NA
3311,Repair of fabricated metal products,4,Classes,C,33,33,3311
3312,Repair of machinery,4,Classes,C,33,33,3312
3313,Repair of electronic and optical equipment,4,Classes,C,33,33,3313
3314,Repair of electrical equipment,4,Classes,C,33,33,3314
3315,"Repair of transport equipment, except motor vehicles",4,Classes,C,33,33,3315
3319,Repair of other equipment,4,Classes,C,33,33,3319
332,Installation of industrial machinery and equipment,3,Group,C,33,33,NA
3320,Installation of industrial machinery and equipment,4,Classes,C,33,33,3320
D,"Electricity, gas, steam and air conditioning supply",1,Section,D,NA,NA,NA
35,"Electricity, gas, steam and air conditioning supply",2,Division,D,35,NA,NA
351,"Electric power generation, transmission and distribution",3,Group,D,35,35,NA
3510,"Electric power generation, transmission and distribution",4,Classes,D,35,35,3510
352,Manufacture of gas; distribution of gaseous fuels through mains,3,Group,D,35,35,NA
3520,Manufacture of gas; distribution of gaseous fuels through mains,4,Classes,D,35,35,3520
353,Steam and air conditioning supply,3,Group,D,35,35,NA
3530,Steam and air conditioning supply,4,Classes,D,35,35,3530
E,"Water supply; sewerage, waste management and remediation activities",1,Section,E,NA,NA,NA
36,"Water collection, treatment and supply",2,Division,E,36,NA,NA
360,"Water collection, treatment and supply",3,Group,E,36,36,NA
3600,"Water collection, treatment and supply",4,Classes,E,36,36,3600
37,Sewerage,2,Division,E,37,NA,NA
370,Sewerage,3,Group,E,37,37,NA
3700,Sewerage,4,Classes,E,37,37,3700
38,"Waste collection, treatment and disposal activities; materials recovery",2,Division,E,38,NA,NA
381,Waste collection,3,Group,E,38,38,NA
3811,Collection of non-hazardous waste,4,Classes,E,38,38,3811
3812,Collection of hazardous waste,4,Classes,E,38,38,3812
382,Waste treatment and disposal,3,Group,E,38,38,NA
3821,Treatment and disposal of non-hazardous waste,4,Classes,E,38,38,3821
3822,Treatment and disposal of hazardous waste,4,Classes,E,38,38,3822
383,Materials recovery,3,Group,E,38,38,NA
3830,Materials recovery,4,Classes,E,38,38,3830
39,Remediation activities and other waste management services,2,Division,E,39,NA,NA
390,Remediation activities and other waste management services,3,Group,E,39,39,NA
3900,Remediation activities and other waste management services,4,Classes,E,39,39,3900
F,Construction,1,Section,F,NA,NA,NA
41,Construction of buildings,2,Division,F,41,NA,NA
410,Construction of buildings,3,Group,F,41,41,NA
4100,Construction of buildings,4,Classes,F,41,41,4100
42,Civil engineering,2,Division,F,42,NA,NA
421,Construction of roads and railways,3,Group,F,42,42,NA
4210,Construction of roads and railways,4,Classes,F,42,42,4210
422,Construction of utility projects,3,Group,F,42,42,NA
4220,Construction of utility projects,4,Classes,F,42,42,4220
429,Construction of other civil engineering projects,3,Group,F,42,42,NA
4290,Construction of other civil engineering projects,4,Classes,F,42,42,4290
43,Specialized construction activities,2,Division,F,43,NA,NA
431,Demolition and site preparation,3,Group,F,43,43,NA
4311,Demolition,4,Classes,F,43,43,4311
4312,Site preparation,4,Classes,F,43,43,4312
432,"Electrical, plumbing and other construction installation activities",3,Group,F,43,43,NA
4321,Electrical installation,4,Classes,F,43,43,4321
4322,"Plumbing, heat and air-conditioning installation",4,Classes,F,43,43,4322
4329,Other construction installation,4,Classes,F,43,43,4329
433,Building completion and finishing,3,Group,F,43,43,NA
4330,Building completion and finishing,4,Classes,F,43,43,4330
439,Other specialized construction activities,3,Group,F,43,43,NA
4390,Other specialized construction activities,4,Classes,F,43,43,4390
G,Wholesale and retail trade; repair of motor vehicles and motorcycles,1,Section,G,NA,NA,NA
45,Wholesale and retail trade and repair of motor vehicles and motorcycles,2,Division,G,45,NA,NA
451,Sale of motor vehicles,3,Group,G,45,45,NA
4510,Sale of motor vehicles,4,Classes,G,45,45,4510
452,Maintenance and repair of motor vehicles,3,Group,G,45,45,NA
4520,Maintenance and repair of motor vehicles,4,Classes,G,45,45,4520
453,Sale of motor vehicle parts and accessories,3,Group,G,45,45,NA
4530,Sale of motor vehicle parts and accessories,4,Classes,G,45,45,4530
454,"Sale, maintenance and repair of motorcycles and related parts and accessories",3,Group,G,45,45,NA
4540,"Sale, maintenance and repair of motorcycles and related parts and accessories",4,Classes,G,45,45,4540
46,"Wholesale trade, except of motor vehicles and motorcycles",2,Division,G,46,NA,NA
461,Wholesale on a fee or contract basis,3,Group,G,46,46,NA
4610,Wholesale on a fee or contract basis,4,Classes,G,46,46,4610
462,Wholesale of agricultural raw materials and live animals,3,Group,G,46,46,NA
4620,Wholesale of agricultural raw materials and live animals,4,Classes,G,46,46,4620
463,"Wholesale of food, beverages and tobacco",3,Group,G,46,46,NA
4630,"Wholesale of food, beverages and tobacco",4,Classes,G,46,46,4630
464,Wholesale of household goods,3,Group,G,46,46,NA
4641,"Wholesale of textiles, clothing and footwear",4,Classes,G,46,46,4641
4649,Wholesale of other household goods,4,Classes,G,46,46,4649
465,"Wholesale of machinery, equipment and supplies",3,Group,G,46,46,NA
4651,"Wholesale of computers, computer peripheral equipment and software",4,Classes,G,46,46,4651
4652,Wholesale of electronic and telecommunications equipment and parts,4,Classes,G,46,46,4652
4653,"Wholesale of agricultural machinery, equipment and supplies",4,Classes,G,46,46,4653
4659,Wholesale of other machinery and equipment,4,Classes,G,46,46,4659
466,Other specialized wholesale,3,Group,G,46,46,NA
4661,"Wholesale of solid, liquid and gaseous fuels and related products",4,Classes,G,46,46,4661
4662,Wholesale of metals and metal ores,4,Classes,G,46,46,4662
4663,"Wholesale of construction materials, hardware, plumbing and heating equipment and supplies",4,Classes,G,46,46,4663
4669,Wholesale of waste and scrap and other products n.e.c.,4,Classes,G,46,46,4669
469,Non-specialized wholesale trade,3,Group,G,46,46,NA
4690,Non-specialized wholesale trade,4,Classes,G,46,46,4690
47,"Retail trade, except of motor vehicles and motorcycles",2,Division,G,47,NA,NA
471,Retail sale in non-specialized stores,3,Group,G,47,47,NA
4711,"Retail sale in non-specialized stores with food, beverages or tobacco predominating",4,Classes,G,47,47,4711
4719,Other retail sale in non-specialized stores,4,Classes,G,47,47,4719
472,"Retail sale of food, beverages and tobacco in specialized stores",3,Group,G,47,47,NA
4721,Retail sale of food in specialized stores,4,Classes,G,47,47,4721
4722,Retail sale of beverages in specialized stores,4,Classes,G,47,47,4722
4723,Retail sale of tobacco products in specialized stores,4,Classes,G,47,47,4723
473,Retail sale of automotive fuel in specialized stores,3,Group,G,47,47,NA
4730,Retail sale of automotive fuel in specialized stores,4,Classes,G,47,47,4730
474,Retail sale of information and communications equipment in specialized stores,3,Group,G,47,47,NA
4741,"Retail sale of computers, peripheral units, software and telecommunications equipment in specialized stores",4,Classes,G,47,47,4741
4742,Retail sale of audio and video equipment in specialized stores,4,Classes,G,47,47,4742
475,Retail sale of other household equipment in specialized stores,3,Group,G,47,47,NA
4751,Retail sale of textiles in specialized stores,4,Classes,G,47,47,4751
4752,"Retail sale of hardware, paints and glass in specialized stores",4,Classes,G,47,47,4752
4753,"Retail sale of carpets, rugs, wall and floor coverings in specialized stores",4,Classes,G,47,47,4753
4759,"Retail sale of electrical household appliances, furniture, lighting equipment and other household articles in specialized stores",4,Classes,G,47,47,4759
476,Retail sale of cultural and recreation goods in specialized stores,3,Group,G,47,47,NA
4761,"Retail sale of books, newspapers and stationary in specialized stores",4,Classes,G,47,47,4761
4762,Retail sale of music and video recordings in specialized stores,4,Classes,G,47,47,4762
4763,Retail sale of sporting equipment in specialized stores,4,Classes,G,47,47,4763
4764,Retail sale of games and toys in specialized stores,4,Classes,G,47,47,4764
477,Retail sale of other goods in specialized stores,3,Group,G,47,47,NA
4771,"Retail sale of clothing, footwear and leather articles in specialized stores",4,Classes,G,47,47,4771
4772,"Retail sale of pharmaceutical and medical goods, cosmetic and toilet articles in specialized stores",4,Classes,G,47,47,4772
4773,Other retail sale of new goods in specialized stores,4,Classes,G,47,47,4773
4774,Retail sale of second-hand goods,4,Classes,G,47,47,4774
478,Retail sale via stalls and markets,3,Group,G,47,47,NA
4781,"Retail sale via stalls and markets of food, beverages and tobacco products",4,Classes,G,47,47,4781
4782,"Retail sale via stalls and markets of textiles, clothing and footwear",4,Classes,G,47,47,4782
4789,Retail sale via stalls and markets of other goods,4,Classes,G,47,47,4789
479,"Retail trade not in stores, stalls or markets",3,Group,G,47,47,NA
4791,Retail sale via mail order houses or via Internet,4,Classes,G,47,47,4791
4799,"Other retail sale not in stores, stalls or markets",4,Classes,G,47,47,4799
H,Transportation and storage,1,Section,H,NA,NA,NA
49,Land transport and transport via pipelines,2,Division,H,49,NA,NA
491,Transport via railways,3,Group,H,49,49,NA
4911,"Passenger rail transport, interurban",4,Classes,H,49,49,4911
4912,Freight rail transport,4,Classes,H,49,49,4912
492,Other land transport,3,Group,H,49,49,NA
4921,Urban and suburban passenger land transport,4,Classes,H,49,49,4921
4922,Other passenger land transport,4,Classes,H,49,49,4922
4923,Freight transport by road,4,Classes,H,49,49,4923
493,Transport via pipeline,3,Group,H,49,49,NA
4930,Transport via pipeline,4,Classes,H,49,49,4930
50,Water transport,2,Division,H,50,NA,NA
501,Sea and coastal water transport,3,Group,H,50,50,NA
5011,Sea and coastal passenger water transport,4,Classes,H,50,50,5011
5012,Sea and coastal freight water transport,4,Classes,H,50,50,5012
502,Inland water transport,3,Group,H,50,50,NA
5021,Inland passenger water transport,4,Classes,H,50,50,5021
5022,Inland freight water transport,4,Classes,H,50,50,5022
51,Air transport,2,Division,H,51,NA,NA
511,Passenger air transport,3,Group,H,51,51,NA
5110,Passenger air transport,4,Classes,H,51,51,5110
512,Freight air transport,3,Group,H,51,51,NA
5120,Freight air transport,4,Classes,H,51,51,5120
52,Warehousing and support activities for transportation,2,Division,H,52,NA,NA
521,Warehousing and storage,3,Group,H,52,52,NA
5210,Warehousing and storage,4,Classes,H,52,52,5210
522,Support activities for transportation,3,Group,H,52,52,NA
5221,Service activities incidental to land transportation,4,Classes,H,52,52,5221
5222,Service activities incidental to water transportation,4,Classes,H,52,52,5222
5223,Service activities incidental to air transportation,4,Classes,H,52,52,5223
5224,Cargo handling,4,Classes,H,52,52,5224
5229,Other transportation support activities,4,Classes,H,52,52,5229
53,Postal and courier activities,2,Division,H,53,NA,NA
531,Postal activities,3,Group,H,53,53,NA
5310,Postal activities,4,Classes,H,53,53,5310
532,Courier activities,3,Group,H,53,53,NA
5320,Courier activities,4,Classes,H,53,53,5320
I,Accommodation and food service activities,1,Section,I,NA,NA,NA
55,Accommodation,2,Division,I,55,NA,NA
551,Short term accommodation activities,3,Group,I,55,55,NA
5510,Short term accommodation activities,4,Classes,I,55,55,5510
552,"Camping grounds, recreational vehicle parks and trailer parks",3,Group,I,55,55,NA
5520,"Camping grounds, recreational vehicle parks and trailer parks",4,Classes,I,55,55,5520
559,Other accommodation,3,Group,I,55,55,NA
5590,Other accommodation,4,Classes,I,55,55,5590
56,Food and beverage service activities,2,Division,I,56,NA,NA
561,Restaurants and mobile food service activities,3,Group,I,56,56,NA
5610,Restaurants and mobile food service activities,4,Classes,I,56,56,5610
562,Event catering and other food service activities,3,Group,I,56,56,NA
5621,Event catering,4,Classes,I,56,56,5621
5629,Other food service activities,4,Classes,I,56,56,5629
563,Beverage serving activities,3,Group,I,56,56,NA
5630,Beverage serving activities,4,Classes,I,56,56,5630
J,Information and communication,1,Section,J,NA,NA,NA
58,Publishing activities,2,Division,J,58,NA,NA
581,"Publishing of books, periodicals and other publishing activities",3,Group,J,58,58,NA
5811,Book publishing,4,Classes,J,58,58,5811
5812,Publishing of directories and mailing lists,4,Classes,J,58,58,5812
5813,"Publishing of newspapers, journals and periodicals",4,Classes,J,58,58,5813
5819,Other publishing activities,4,Classes,J,58,58,5819
582,Software publishing,3,Group,J,58,58,NA
5820,Software publishing,4,Classes,J,58,58,5820
59,"Motion picture, video and television programme production, sound recording and music publishing activities",2,Division,J,59,NA,NA
591,"Motion picture, video and television programme activities",3,Group,J,59,59,NA
5911,"Motion picture, video and television programme production activities",4,Classes,J,59,59,5911
5912,"Motion picture, video and television programme post-production activities",4,Classes,J,59,59,5912
5913,"Motion picture, video and television programme distribution activities",4,Classes,J,59,59,5913
5914,Motion picture projection activities,4,Classes,J,59,59,5914
592,Sound recording and music publishing activities,3,Group,J,59,59,NA
5920,Sound recording and music publishing activities,4,Classes,J,59,59,5920
60,Programming and broadcasting activities,2,Division,J,60,NA,NA
601,Radio broadcasting,3,Group,J,60,60,NA
6010,Radio broadcasting,4,Classes,J,60,60,6010
602,Television programming and broadcasting activities,3,Group,J,60,60,NA
6020,Television programming and broadcasting activities,4,Classes,J,60,60,6020
61,Telecommunications,2,Division,J,61,NA,NA
611,Wired telecommunications activities,3,Group,J,61,61,NA
6110,Wired telecommunications activities,4,Classes,J,61,61,6110
612,Wireless telecommunications activities,3,Group,J,61,61,NA
6120,Wireless telecommunications activities,4,Classes,J,61,61,6120
613,Satellite telecommunications activities,3,Group,J,61,61,NA
6130,Satellite telecommunications activities,4,Classes,J,61,61,6130
619,Other telecommunications activities,3,Group,J,61,61,NA
6190,Other telecommunications activities,4,Classes,J,61,61,6190
62,"Computer programming, consultancy and related activities",2,Division,J,62,NA,NA
620,"Computer programming, consultancy and related activities",3,Group,J,62,62,NA
6201,Computer programming activities,4,Classes,J,62,62,6201
6202,Computer consultancy and computer facilities management activities,4,Classes,J,62,62,6202
6209,Other information technology and computer service activities,4,Classes,J,62,62,6209
63,Information service activities,2,Division,J,63,NA,NA
631,"Data processing, hosting and related activities; web portals",3,Group,J,63,63,NA
6311,"Data processing, hosting and related activities",4,Classes,J,63,63,6311
6312,Web portals,4,Classes,J,63,63,6312
639,Other information service activities,3,Group,J,63,63,NA
6391,News agency activities,4,Classes,J,63,63,6391
6399,Other information service activities n.e.c.,4,Classes,J,63,63,6399
K,Financial and insurance activities,1,Section,K,NA,NA,NA
64,"Financial service activities, except insurance and pension funding",2,Division,K,64,NA,NA
641,Monetary intermediation,3,Group,K,64,64,NA
6411,Central banking,4,Classes,K,64,64,6411
6419,Other monetary intermediation,4,Classes,K,64,64,6419
642,Activities of holding companies,3,Group,K,64,64,NA
6420,Activities of holding companies,4,Classes,K,64,64,6420
643,"Trusts, funds and similar financial entities",3,Group,K,64,64,NA
6430,"Trusts, funds and similar financial entities",4,Classes,K,64,64,6430
649,"Other financial service activities, except insurance and pension funding activities",3,Group,K,64,64,NA
6491,Financial leasing,4,Classes,K,64,64,6491
6492,Other credit granting,4,Classes,K,64,64,6492
6499,"Other financial service activities, except insurance and pension funding activities, n.e.c.",4,Classes,K,64,64,6499
65,"Insurance, reinsurance and pension funding, except compulsory social security",2,Division,K,65,NA,NA
651,Insurance,3,Group,K,65,65,NA
6511,Life insurance,4,Classes,K,65,65,6511
6512,Non-life insurance,4,Classes,K,65,65,6512
652,Reinsurance,3,Group,K,65,65,NA
6520,Reinsurance,4,Classes,K,65,65,6520
653,Pension funding,3,Group,K,65,65,NA
6530,Pension funding,4,Classes,K,65,65,6530
66,Activities auxiliary to financial service and insurance activities,2,Division,K,66,NA,NA
661,"Activities auxiliary to financial service activities, except insurance and pension funding",3,Group,K,66,66,NA
6611,Administration of financial markets,4,Classes,K,66,66,6611
6612,Security and commodity contracts brokerage,4,Classes,K,66,66,6612
6619,Other activities auxiliary to financial service activities,4,Classes,K,66,66,6619
662,Activities auxiliary to insurance and pension funding,3,Group,K,66,66,NA
6621,Risk and damage evaluation,4,Classes,K,66,66,6621
6622,Activities of insurance agents and brokers,4,Classes,K,66,66,6622
6629,Other activities auxiliary to insurance and pension funding,4,Classes,K,66,66,6629
663,Fund management activities,3,Group,K,66,66,NA
6630,Fund management activities,4,Classes,K,66,66,6630
L,Real estate activities,1,Section,L,NA,NA,NA
68,Real estate activities,2,Division,L,68,NA,NA
681,Real estate activities with own or leased property,3,Group,L,68,68,NA
6810,Real estate activities with own or leased property,4,Classes,L,68,68,6810
682,Real estate activities on a fee or contract basis,3,Group,L,68,68,NA
6820,Real estate activities on a fee or contract basis,4,Classes,L,68,68,6820
M,"Professional, scientific and technical activities",1,Section,M,NA,NA,NA
69,Legal and accounting activities,2,Division,M,69,NA,NA
691,Legal activities,3,Group,M,69,69,NA
6910,Legal activities,4,Classes,M,69,69,6910
692,"Accounting, bookkeeping and auditing activities; tax consultancy",3,Group,M,69,69,NA
6920,"Accounting, bookkeeping and auditing activities; tax consultancy",4,Classes,M,69,69,6920
70,Activities of head offices; management consultancy activities,2,Division,M,70,NA,NA
701,Activities of head offices,3,Group,M,70,70,NA
7010,Activities of head offices,4,Classes,M,70,70,7010
702,Management consultancy activities,3,Group,M,70,70,NA
7020,Management consultancy activities,4,Classes,M,70,70,7020
71,Architectural and engineering activities; technical testing and analysis,2,Division,M,71,NA,NA
711,Architectural and engineering activities and related technical consultancy,3,Group,M,71,71,NA
7110,Architectural and engineering activities and related technical consultancy,4,Classes,M,71,71,7110
712,Technical testing and analysis,3,Group,M,71,71,NA
7120,Technical testing and analysis,4,Classes,M,71,71,7120
72,Scientific research and development,2,Division,M,72,NA,NA
721,Research and experimental development on natural sciences and engineering,3,Group,M,72,72,NA
7210,Research and experimental development on natural sciences and engineering,4,Classes,M,72,72,7210
722,Research and experimental development on social sciences and humanities,3,Group,M,72,72,NA
7220,Research and experimental development on social sciences and humanities,4,Classes,M,72,72,7220
73,Advertising and market research,2,Division,M,73,NA,NA
731,Advertising,3,Group,M,73,73,NA
7310,Advertising,4,Classes,M,73,73,7310
732,Market research and public opinion polling,3,Group,M,73,73,NA
7320,Market research and public opinion polling,4,Classes,M,73,73,7320
74,"Other professional, scientific and technical activities",2,Division,M,74,NA,NA
741,Specialized design activities,3,Group,M,74,74,NA
7410,Specialized design activities,4,Classes,M,74,74,7410
742,Photographic activities,3,Group,M,74,74,NA
7420,Photographic activities,4,Classes,M,74,74,7420
749,"Other professional, scientific and technical activities n.e.c.",3,Group,M,74,74,NA
7490,"Other professional, scientific and technical activities n.e.c.",4,Classes,M,74,74,7490
75,Veterinary activities,2,Division,M,75,NA,NA
750,Veterinary activities,3,Group,M,75,75,NA
7500,Veterinary activities,4,Classes,M,75,75,7500
N,Administrative and support service activities,1,Section,N,NA,NA,NA
77,Rental and leasing activities,2,Division,N,77,NA,NA
771,Renting and leasing of motor vehicles,3,Group,N,77,77,NA
7710,Renting and leasing of motor vehicles,4,Classes,N,77,77,7710
772,Renting and leasing of personal and household goods,3,Group,N,77,77,NA
7721,Renting and leasing of recreational and sports goods,4,Classes,N,77,77,7721
7722,Renting of video tapes and disks,4,Classes,N,77,77,7722
7729,Renting and leasing of other personal and household goods,4,Classes,N,77,77,7729
773,"Renting and leasing of other machinery, equipment and tangible goods",3,Group,N,77,77,NA
7730,"Renting and leasing of other machinery, equipment and tangible goods",4,Classes,N,77,77,7730
774,"Leasing of intellectual property and similar products, except copyrighted works",3,Group,N,77,77,NA
7740,"Leasing of intellectual property and similar products, except copyrighted works",4,Classes,N,77,77,7740
78,Employment activities,2,Division,N,78,NA,NA
781,Activities of employment placement agencies,3,Group,N,78,78,NA
7810,Activities of employment placement agencies,4,Classes,N,78,78,7810
782,Temporary employment agency activities,3,Group,N,78,78,NA
7820,Temporary employment agency activities,4,Classes,N,78,78,7820
783,Other human resources provision,3,Group,N,78,78,NA
7830,Other human resources provision,4,Classes,N,78,78,7830
79,"Travel agency, tour operator, reservation service and related activities",2,Division,N,79,NA,NA
791,Travel agency and tour operator activities,3,Group,N,79,79,NA
7911,Travel agency activities,4,Classes,N,79,79,7911
7912,Tour operator activities,4,Classes,N,79,79,7912
799,Other reservation service and related activities,3,Group,N,79,79,NA
7990,Other reservation service and related activities,4,Classes,N,79,79,7990
80,Security and investigation activities,2,Division,N,80,NA,NA
801,Private security activities,3,Group,N,80,80,NA
8010,Private security activities,4,Classes,N,80,80,8010
802,Security systems service activities,3,Group,N,80,80,NA
8020,Security systems service activities,4,Classes,N,80,80,8020
803,Investigation activities,3,Group,N,80,80,NA
8030,Investigation activities,4,Classes,N,80,80,8030
81,Services to buildings and landscape activities,2,Division,N,81,NA,NA
811,Combined facilities support activities,3,Group,N,81,81,NA
8110,Combined facilities support activities,4,Classes,N,81,81,8110
812,Cleaning activities,3,Group,N,81,81,NA
8121,General cleaning of buildings,4,Classes,N,81,81,8121
8129,Other building and industrial cleaning activities,4,Classes,N,81,81,8129
813,Landscape care and maintenance service activities,3,Group,N,81,81,NA
8130,Landscape care and maintenance service activities,4,Classes,N,81,81,8130
82,"Office administrative, office support and other business support activities",2,Division,N,82,NA,NA
821,Office administrative and support activities,3,Group,N,82,82,NA
8211,Combined office administrative service activities,4,Classes,N,82,82,8211
8219,"Photocopying, document preparation and other specialized office support activities",4,Classes,N,82,82,8219
822,Activities of call centres,3,Group,N,82,82,NA
8220,Activities of call centres,4,Classes,N,82,82,8220
823,Organization of conventions and trade shows,3,Group,N,82,82,NA
8230,Organization of conventions and trade shows,4,Classes,N,82,82,8230
829,Business support service activities n.e.c.,3,Group,N,82,82,NA
8291,Activities of collection agencies and credit bureaus,4,Classes,N,82,82,8291
8292,Packaging activities,4,Classes,N,82,82,8292
8299,Other business support service activities n.e.c.,4,Classes,N,82,82,8299
O,Public administration and defence; compulsory social security,1,Section,O,NA,NA,NA
84,Public administration and defence; compulsory social security,2,Division,O,84,NA,NA
841,Administration of the State and the economic and social policy of the community,3,Group,O,84,84,NA
8411,General public administration activities,4,Classes,O,84,84,8411
8412,"Regulation of the activities of providing health care, education, cultural services and other social services, excluding social security",4,Classes,O,84,84,8412
8413,Regulation of and contribution to more efficient operation of businesses,4,Classes,O,84,84,8413
842,Provision of services to the community as a whole,3,Group,O,84,84,NA
8421,Foreign affairs,4,Classes,O,84,84,8421
8422,Defence activities,4,Classes,O,84,84,8422
8423,Public order and safety activities,4,Classes,O,84,84,8423
843,Compulsory social security activities,3,Group,O,84,84,NA
8430,Compulsory social security activities,4,Classes,O,84,84,8430
P,Education,1,Section,P,NA,NA,NA
85,Education,2,Division,P,85,NA,NA
851,Pre-primary and primary education,3,Group,P,85,85,NA
8510,Pre-primary and primary education,4,Classes,P,85,85,8510
852,Secondary education,3,Group,P,85,85,NA
8521,General secondary education,4,Classes,P,85,85,8521
8522,Technical and vocational secondary education,4,Classes,P,85,85,8522
853,Higher education,3,Group,P,85,85,NA
8530,Higher education,4,Classes,P,85,85,8530
854,Other education,3,Group,P,85,85,NA
8541,Sports and recreation education,4,Classes,P,85,85,8541
8542,Cultural education,4,Classes,P,85,85,8542
8549,Other education n.e.c.,4,Classes,P,85,85,8549
855,Educational support activities,3,Group,P,85,85,NA
8550,Educational support activities,4,Classes,P,85,85,8550
Q,Human health and social work activities,1,Section,Q,NA,NA,NA
86,Human health activities,2,Division,Q,86,NA,NA
861,Hospital activities,3,Group,Q,86,86,NA
8610,Hospital activities,4,Classes,Q,86,86,8610
862,Medical and dental practice activities,3,Group,Q,86,86,NA
8620,Medical and dental practice activities,4,Classes,Q,86,86,8620
869,Other human health activities,3,Group,Q,86,86,NA
8690,Other human health activities,4,Classes,Q,86,86,8690
87,Residential care activities,2,Division,Q,87,NA,NA
871,Residential nursing care facilities,3,Group,Q,87,87,NA
8710,Residential nursing care facilities,4,Classes,Q,87,87,8710
872,"Residential care activities for mental retardation, mental health and substance abuse",3,Group,Q,87,87,NA
8720,"Residential care activities for mental retardation, mental health and substance abuse",4,Classes,Q,87,87,8720
873,Residential care activities for the elderly and disabled,3,Group,Q,87,87,NA
8730,Residential care activities for the elderly and disabled,4,Classes,Q,87,87,8730
879,Other residential care activities,3,Group,Q,87,87,NA
8790,Other residential care activities,4,Classes,Q,87,87,8790
88,Social work activities without accommodation,2,Division,Q,88,NA,NA
881,Social work activities without accommodation for the elderly and disabled,3,Group,Q,88,88,NA
8810,Social work activities without accommodation for the elderly and disabled,4,Classes,Q,88,88,8810
889,Other social work activities without accommodation,3,Group,Q,88,88,NA
8890,Other social work activities without accommodation,4,Classes,Q,88,88,8890
R,"Arts, entertainment and recreation",1,Section,R,NA,NA,NA
90,"Creative, arts and entertainment activities",2,Division,R,90,NA,NA
900,"Creative, arts and entertainment activities",3,Group,R,90,90,NA
9000,"Creative, arts and entertainment activities",4,Classes,R,90,90,9000
91,"Libraries, archives, museums and other cultural activities",2,Division,R,91,NA,NA
910,"Libraries, archives, museums and other cultural activities",3,Group,R,91,91,NA
9101,Library and archives activities,4,Classes,R,91,91,9101
9102,Museums activities and operation of historical sites and buildings,4,Classes,R,91,91,9102
9103,Botanical and zoological gardens and nature reserves activities,4,Classes,R,91,91,9103
92,Gambling and betting activities,2,Division,R,92,NA,NA
920,Gambling and betting activities,3,Group,R,92,92,NA
9200,Gambling and betting activities,4,Classes,R,92,92,9200
93,Sports activities and amusement and recreation activities,2,Division,R,93,NA,NA
931,Sports activities,3,Group,R,93,93,NA
9311,Operation of sports facilities,4,Classes,R,93,93,9311
9312,Activities of sports clubs,4,Classes,R,93,93,9312
9319,Other sports activities,4,Classes,R,93,93,9319
932,Other amusement and recreation activities,3,Group,R,93,93,NA
9321,Activities of amusement parks and theme parks,4,Classes,R,93,93,9321
9329,Other amusement and recreation activities n.e.c.,4,Classes,R,93,93,9329
S,Other service activities,1,Section,S,NA,NA,NA
94,Activities of membership organizations,2,Division,S,94,NA,NA
941,"Activities of business, employers and professional membership organizations",3,Group,S,94,94,NA
9411,Activities of business and employers membership organizations,4,Classes,S,94,94,9411
9412,Activities of professional membership organizations,4,Classes,S,94,94,9412
942,Activities of trade unions,3,Group,S,94,94,NA
9420,Activities of trade unions,4,Classes,S,94,94,9420
949,Activities of other membership organizations,3,Group,S,94,94,NA
9491,Activities of religious organizations,4,Classes,S,94,94,9491
9492,Activities of political organizations,4,Classes,S,94,94,9492
9499,Activities of other membership organizations n.e.c.,4,Classes,S,94,94,9499
95,Repair of computers and personal and household goods,2,Division,S,95,NA,NA
951,Repair of computers and communication equipment,3,Group,S,95,95,NA
9511,Repair of computers and peripheral equipment,4,Classes,S,95,95,9511
9512,Repair of communication equipment,4,Classes,S,95,95,9512
952,Repair of personal and household goods,3,Group,S,95,95,NA
9521,Repair of consumer electronics,4,Classes,S,95,95,9521
9522,Repair of household appliances and home and garden equipment,4,Classes,S,95,95,9522
9523,Repair of footwear and leather goods,4,Classes,S,95,95,9523
9524,Repair of furniture and home furnishings,4,Classes,S,95,95,9524
9529,Repair of other personal and household goods,4,Classes,S,95,95,9529
96,Other personal service activities,2,Division,S,96,NA,NA
960,Other personal service activities,3,Group,S,96,96,NA
9601,Washing and (dry-) cleaning of textile and fur products,4,Classes,S,96,96,9601
9602,Hairdressing and other beauty treatment,4,Classes,S,96,96,9602
9603,Funeral and related activities,4,Classes,S,96,96,9603
9609,Other personal service activities n.e.c.,4,Classes,S,96,96,9609
T,Activities of households as employers; undifferentiated goods- and services-producing activities of households for own use,1,Section,T,NA,NA,NA
97,Activities of households as employers of domestic personnel,2,Division,T,97,NA,NA
970,Activities of households as employers of domestic personnel,3,Group,T,97,97,NA
9700,Activities of households as employers of domestic personnel,4,Classes,T,97,97,9700
98,Undifferentiated goods- and services-producing activities of private households for own use,2,Division,T,98,NA,NA
981,Undifferentiated goods-producing activities of private households for own use,3,Group,T,98,98,NA
9810,Undifferentiated goods-producing activities of private households for own use,4,Classes,T,98,98,9810
982,Undifferentiated service-producing activities of private households for own use,3,Group,T,98,98,NA
9820,Undifferentiated service-producing activities of private households for own use,4,Classes,T,98,98,9820
U,Activities of extraterritorial organizations and bodies,1,Section,U,NA,NA,NA
99,Activities of extraterritorial organizations and bodies,2,Division,U,99,NA,NA
990,Activities of extraterritorial organizations and bodies,3,Group,U,99,99,NA
9900,Activities of extraterritorial organizations and bodies,4,Classes,U,99,99,9900
