noc2011_code,soc2010_code
0011,11-1011
0011,11-1031
0012,11-1011
0012,11-1021
0012,11-9161
0013,11-1011
0013,11-1021
0014,11-1011
0014,11-1021
0014,11-2031
0014,11-9199
0015,11-1011
0015,11-1021
0016,11-1011
0016,11-1021
0111,11-3031
0112,11-3111
0112,11-3121
0112,11-3131
0113,11-2031
0113,11-3011
0113,11-3061
0113,11-3071
0113,11-9061
0113,11-9131
0113,11-9199
0114,11-2031
0114,11-3011
0114,11-3061
0114,11-9061
0114,11-9131
0114,11-9199
0121,11-1021
0121,11-3031
0122,11-1021
0122,11-3031
0124,11-2011
0124,11-2021
0124,11-2022
0124,11-2031
0125,11-2011
0125,11-2031
0125,11-3011
0125,11-3031
0125,11-3061
0125,11-3111
0125,11-3121
0125,11-3131
0125,11-9061
0125,11-9131
0125,11-9199
0131,11-3021
0132,11-3071
0211,11-9041
0211,11-9121
0211,11-9199
0212,11-9041
0212,11-9121
0212,11-9199
0213,11-3021
0311,11-1021
0311,11-9111
0411,11-9199
0412,11-9199
0413,11-9199
0414,11-9199
0421,11-9032
0421,11-9033
0421,11-9039
0422,11-9032
0422,11-9033
0422,11-9039
0423,11-1021
0423,11-9031
0423,11-9111
0423,11-9151
0423,11-9199
0431,11-1011
0431,11-1021
0431,11-9161
0431,11-9199
0431,33-1012
0431,33-3021
0432,11-9199
0433,55-1011
0433,55-1012
0433,55-1013
0433,55-1014
0433,55-1015
0433,55-1016
0433,55-1017
0433,55-1019
0511,11-9199
0512,11-9199
0513,11-9071
0513,11-9199
0601,11-2021
0601,11-2022
0621,11-1021
0621,11-9199
0621,41-9099
0621,43-3099
0631,11-9051
0632,11-9081
0632,11-9199
0632,37-1011
0632,39-9099
0651,11-9071
0651,11-9199
0711,11-9021
0712,11-9021
0714,11-2031
0714,11-3011
0714,11-3061
0714,11-3071
0714,11-9061
0714,11-9071
0714,11-9131
0714,11-9199
0731,11-3071
0811,11-9013
0811,11-9199
0821,11-9013
0821,37-1012
0821,37-3013
0821,45-1011
0821,45-2021
0821,45-2091
0822,37-1012
0822,37-3013
0822,45-2091
0823,11-9013
0823,45-1011
0823,45-2021
0911,11-3051
0912,11-3051
0912,11-3071
1111,13-2011
1111,13-2031
1111,13-2082
1112,13-2041
1112,13-2051
1112,13-2061
1113,41-1012
1113,41-3031
1113,43-5011
1114,13-2041
1114,13-2051
1114,13-2052
1114,13-2061
1114,13-2071
1114,13-2072
1114,41-1012
1114,41-3031
1121,13-1071
1121,13-1075
1121,13-1141
1121,13-1151
1121,21-1012
1122,13-1081
1122,13-1111
1122,25-4011
1122,25-4012
1123,13-1011
1123,13-1051
1123,13-1161
1123,13-1199
1123,13-2099
1123,27-3031
1123,27-3043
1123,41-1012
1123,41-3011
1123,41-3041
1123,41-9099
1211,43-1011
1211,43-9031
1211,51-5111
1212,43-1011
1213,13-1041
1213,43-1011
1213,43-4031
1213,43-5041
1213,49-9091
1214,43-1011
1215,43-1011
1215,43-5011
1215,43-5071
1221,23-2091
1221,43-6011
1222,23-2091
1222,43-6011
1223,13-1071
1223,13-1074
1224,11-9141
1224,41-1012
1224,41-9021
1224,41-9022
1225,13-1021
1225,13-1022
1225,13-1023
1226,13-1121
1227,23-1012
1227,23-2011
1227,23-2093
1227,23-2099
1227,33-3011
1227,33-9021
1227,33-9031
1228,13-1041
1228,13-2081
1228,33-1012
1228,33-3051
1228,43-4061
1241,23-2091
1241,43-6011
1241,43-6014
1242,23-1012
1242,23-2011
1242,23-2093
1242,23-2099
1242,33-3011
1242,33-9021
1242,33-9031
1242,43-6012
1243,31-9094
1243,43-6013
1251,23-2091
1251,31-9094
1251,43-6011
1251,43-6013
1251,43-9022
1252,29-2071
1253,43-4071
1253,43-9071
1254,15-2091
1254,15-2099
1254,19-4061
1254,43-9111
1311,43-3031
1312,13-1031
1312,13-1032
1312,13-2021
1313,13-2053
1313,41-1012
1313,41-3021
1314,13-1031
1314,13-1032
1314,13-2021
1315,41-1012
1315,41-3031
1315,43-5011
1315,43-5071
1411,29-2071
1411,39-1021
1411,39-9021
1411,43-3061
1411,43-4071
1411,43-9022
1411,43-9061
1411,43-9071
1414,43-2011
1414,43-2021
1414,43-2099
1414,43-4061
1414,43-4171
1414,43-4199
1415,43-4161
1416,23-1012
1416,23-2011
1416,23-2093
1416,23-2099
1416,33-3011
1416,33-9021
1416,33-9031
1422,43-9021
1423,43-9031
1423,51-5111
1431,43-3021
1431,43-3031
1431,43-3099
1431,43-4011
1431,43-4041
1431,43-4131
1431,43-4141
1431,43-9041
1432,43-3051
1434,43-3099
1434,43-4011
1434,43-4041
1434,43-4131
1434,43-4141
1434,43-9041
1435,13-1131
1435,43-3011
1451,25-4031
1451,43-4121
1452,13-1041
1452,43-4021
1452,43-4031
1452,43-4151
1452,43-4199
1452,43-9081
1452,43-9199
1454,43-3099
1454,43-4011
1454,43-4041
1454,43-4111
1454,43-4131
1454,43-4141
1454,43-5041
1454,43-9041
1454,43-9081
1454,49-9091
1511,43-3071
1511,43-5021
1511,43-5051
1511,43-5052
1511,43-5053
1511,43-9051
1512,43-5021
1512,43-5051
1512,43-5052
1512,43-5053
1512,43-9051
1513,39-6011
1513,43-5021
1521,43-5011
1521,43-5071
1521,43-5081
1521,43-5111
1522,43-5071
1522,43-5081
1522,43-5111
1523,43-5061
1524,43-5071
1524,43-5081
1524,43-5111
1525,43-5032
1526,43-5032
2111,19-2011
2111,19-2012
2112,19-2031
2112,19-2032
2113,19-2042
2113,19-2043
2114,19-2021
2115,17-2131
2115,17-2151
2115,17-2171
2115,19-1013
2115,19-1032
2115,19-2011
2115,19-2012
2115,19-2032
2115,25-9021
2121,19-1011
2121,19-1012
2121,19-1013
2121,19-1021
2121,19-1022
2121,19-1023
2121,19-1029
2121,19-1031
2121,19-1041
2121,19-1042
2121,19-1099
2121,19-2041
2122,19-1013
2122,19-1032
2122,25-9021
2123,19-1013
2123,19-1032
2123,25-9021
2131,17-2051
2131,17-2081
2132,17-2011
2132,17-2021
2132,17-2031
2132,17-2111
2132,17-2121
2132,17-2131
2132,17-2141
2132,17-2161
2132,17-2199
2133,17-2061
2133,17-2071
2133,17-2072
2134,17-2031
2134,17-2041
2134,17-2081
2134,17-2111
2134,17-2131
2134,17-2161
2134,17-2199
2141,17-2031
2141,17-2111
2141,17-2112
2141,17-2131
2141,17-2161
2141,17-2199
2142,17-2031
2142,17-2111
2142,17-2131
2142,17-2151
2142,17-2161
2142,17-2171
2142,17-2199
2142,19-2032
2143,17-2031
2143,17-2111
2143,17-2131
2143,17-2151
2143,17-2161
2143,17-2171
2143,17-2199
2143,19-2032
2144,17-2051
2145,17-2131
2145,17-2151
2145,17-2171
2145,19-2032
2146,17-2011
2146,17-2021
2146,17-2121
2146,17-2141
2147,15-1143
2147,17-2061
2147,17-2072
2148,17-2011
2148,17-2021
2148,17-2031
2148,17-2111
2148,17-2121
2148,17-2131
2148,17-2141
2148,17-2161
2148,17-2199
2151,17-1011
2152,17-1012
2153,19-3051
2154,17-1021
2154,17-1022
2161,15-2011
2161,15-2021
2161,15-2031
2161,15-2041
2161,19-3022
2171,15-1111
2171,15-1121
2171,15-1122
2171,15-1199
2172,15-1141
2173,15-1132
2173,15-1133
2174,15-1131
2174,15-1132
2174,15-1133
2174,15-1134
2175,15-1134
2175,15-1142
2175,27-1014
2175,27-1024
2211,17-3025
2211,17-3026
2211,17-3029
2211,19-4021
2211,19-4031
2211,19-4041
2211,19-4051
2211,19-4091
2211,19-4092
2211,19-4099
2211,33-1021
2211,33-2021
2211,33-2022
2211,53-6041
2212,17-3029
2212,19-4031
2212,19-4041
2212,19-4099
2221,19-4011
2221,19-4021
2221,19-4091
2221,45-1011
2221,45-2021
2222,45-2011
2223,19-1013
2223,19-1032
2223,19-4093
2223,25-9021
2223,45-1011
2223,45-4011
2223,45-4021
2223,45-4022
2223,45-4023
2223,45-4029
2224,19-1031
2224,19-2041
2224,33-1099
2224,33-3031
2224,33-3041
2224,33-9011
2224,33-9091
2224,33-9092
2224,33-9099
2224,43-5031
2225,17-1012
2225,19-4011
2225,37-1012
2225,37-3013
2225,45-2091
2231,17-3022
2231,17-3031
2231,33-1021
2231,33-2021
2231,47-4011
2232,17-3021
2232,17-3024
2232,17-3025
2232,17-3026
2232,17-3027
2232,17-3029
2232,19-4051
2232,19-4092
2232,19-4099
2232,33-1021
2232,33-2021
2232,33-2022
2232,53-6041
2233,17-3025
2233,17-3026
2233,17-3029
2233,19-4051
2233,19-4092
2233,19-4099
2233,33-1021
2233,33-2021
2233,33-2022
2233,53-6041
2234,17-3022
2234,17-3031
2234,33-1021
2234,33-2021
2234,47-4011
2241,17-3023
2241,17-3024
2242,49-1011
2242,49-2011
2242,49-2021
2242,49-2022
2242,49-2091
2242,49-2093
2242,49-2094
2242,49-2095
2242,49-2096
2242,49-2097
2242,49-9052
2243,17-3023
2243,47-4021
2243,49-1011
2243,49-2092
2243,49-2093
2243,49-2094
2243,49-2095
2243,49-2096
2243,49-2098
2243,49-3053
2243,49-9011
2243,49-9012
2243,49-9031
2243,49-9061
2243,49-9062
2243,49-9064
2243,49-9069
2243,49-9097
2243,51-4012
2244,47-4021
2244,49-1011
2244,49-2011
2244,49-2091
2244,49-2092
2244,49-2093
2244,49-2094
2244,49-2095
2244,49-2096
2244,49-2098
2244,49-3053
2244,49-9011
2244,49-9012
2244,49-9031
2244,49-9097
2251,17-3025
2251,17-3026
2251,17-3029
2251,19-4051
2251,19-4092
2251,19-4099
2251,33-1021
2251,33-2021
2251,33-2022
2251,53-6041
2252,27-1021
2252,27-1022
2252,27-1029
2253,17-3011
2253,17-3012
2253,17-3013
2253,17-3019
2253,27-1013
2254,17-3011
2254,17-3012
2254,17-3013
2254,17-3019
2254,17-3022
2254,17-3031
2254,27-1013
2254,33-1021
2254,33-2021
2254,47-4011
2255,17-1021
2255,17-1022
2255,19-4031
2255,19-4041
2255,19-4099
2261,17-3025
2261,17-3026
2261,17-3029
2261,19-4051
2261,19-4092
2261,19-4099
2261,33-1021
2261,33-2021
2261,33-2022
2261,53-6041
2262,17-3025
2262,17-3026
2262,17-3029
2262,19-4051
2262,19-4092
2262,19-4099
2262,33-1021
2262,33-2021
2262,33-2022
2262,45-2011
2262,53-6041
2263,29-9012
2263,45-2011
2263,53-1031
2263,53-6051
2264,17-3022
2264,17-3031
2264,33-1021
2264,33-2021
2264,47-4011
2271,53-1031
2271,53-2011
2271,53-2012
2272,53-1031
2272,53-2021
2273,53-1031
2273,53-5021
2274,53-1031
2274,53-5031
2275,43-5032
2281,15-1134
2281,15-1142
2281,15-1152
2281,43-9011
2282,15-1151
2283,15-1199
3011,29-1141
3011,29-1151
3011,29-1171
3012,29-1141
3012,29-1151
3012,29-1171
3111,29-1061
3111,29-1064
3111,29-1066
3111,29-1067
3111,29-1069
3112,29-1062
3112,29-1063
3112,29-1065
3112,29-1069
3113,29-1021
3113,29-1022
3113,29-1023
3113,29-1024
3113,29-1029
3114,29-1131
3121,29-1041
3122,29-1126
3122,29-2031
3122,29-2051
3122,29-2053
3122,29-2054
3122,29-2055
3122,29-2099
3122,29-9099
3122,31-2011
3122,31-9099
3124,29-1071
3124,29-1141
3124,29-1151
3124,29-1161
3124,29-1171
3125,29-1011
3125,29-1041
3125,29-1081
3125,29-1122
3125,29-1125
3125,29-1126
3125,29-1129
3125,29-1199
3125,29-2031
3125,29-2051
3125,29-2053
3125,29-2054
3125,29-2055
3125,29-2099
3125,29-9092
3125,29-9099
3125,31-2011
3125,31-9099
3131,29-1051
3132,29-1031
3141,29-1127
3141,29-1181
3142,29-1123
3142,29-1128
3143,29-1011
3143,29-1081
3143,29-1122
3143,29-1125
3143,29-1129
3143,29-1199
3143,29-9092
3144,29-1011
3144,29-1081
3144,29-1122
3144,29-1125
3144,29-1129
3144,29-1199
3144,29-9092
3211,29-2011
3211,29-2012
3212,29-2011
3212,29-2012
3212,31-1015
3212,31-2012
3212,31-2022
3212,31-9091
3212,31-9093
3212,31-9095
3212,31-9097
3212,31-9099
3213,29-2056
3213,31-9096
3214,29-1126
3214,29-2031
3214,29-2051
3214,29-2053
3214,29-2054
3214,29-2055
3214,29-2099
3214,29-9099
3214,31-2011
3214,31-9099
3215,29-1124
3215,29-2032
3215,29-2033
3215,29-2034
3215,29-2035
3216,29-1124
3216,29-2032
3216,29-2033
3216,29-2034
3216,29-2035
3217,29-1124
3217,29-2032
3217,29-2033
3217,29-2034
3217,29-2035
3219,29-1126
3219,29-2031
3219,29-2051
3219,29-2052
3219,29-2053
3219,29-2054
3219,29-2055
3219,29-2091
3219,29-2092
3219,29-2099
3219,29-9099
3219,31-2011
3219,31-9099
3219,49-1011
3219,49-9061
3219,49-9062
3219,49-9064
3219,49-9069
3219,51-9081
3219,51-9082
3221,29-2091
3221,29-2092
3221,51-9081
3221,51-9082
3222,29-2021
3222,31-9091
3223,29-2091
3223,29-2092
3223,51-9081
3223,51-9082
3231,29-2081
3232,29-1199
3232,29-9099
3232,31-2021
3232,31-9011
3233,29-2061
3234,29-2041
3236,29-1199
3236,31-2021
3236,31-9011
3237,29-1126
3237,29-1199
3237,29-2031
3237,29-2051
3237,29-2053
3237,29-2054
3237,29-2055
3237,29-2057
3237,29-2091
3237,29-2092
3237,29-2099
3237,29-9099
3237,31-2011
3237,31-2021
3237,31-9011
3237,31-9092
3237,31-9099
3237,51-9081
3237,51-9082
3411,29-2021
3411,31-1015
3411,31-2012
3411,31-2022
3411,31-9091
3411,31-9093
3411,31-9095
3411,31-9097
3411,31-9099
3413,31-1013
3413,31-1014
3414,27-1023
3414,29-2057
3414,31-1015
3414,31-2012
3414,31-2022
3414,31-9091
3414,31-9092
3414,31-9093
3414,31-9095
3414,31-9097
3414,31-9099
3414,51-9083
4011,25-1011
4011,25-1021
4011,25-1022
4011,25-1031
4011,25-1032
4011,25-1041
4011,25-1042
4011,25-1043
4011,25-1051
4011,25-1052
4011,25-1053
4011,25-1054
4011,25-1061
4011,25-1062
4011,25-1063
4011,25-1064
4011,25-1065
4011,25-1066
4011,25-1067
4011,25-1069
4011,25-1071
4011,25-1072
4011,25-1081
4011,25-1082
4011,25-1111
4011,25-1112
4011,25-1113
4011,25-1121
4011,25-1122
4011,25-1123
4011,25-1124
4011,25-1125
4011,25-1126
4011,25-1191
4011,25-1192
4011,25-1193
4011,25-1199
4012,25-1011
4012,25-1021
4012,25-1022
4012,25-1031
4012,25-1032
4012,25-1041
4012,25-1042
4012,25-1043
4012,25-1051
4012,25-1052
4012,25-1053
4012,25-1054
4012,25-1061
4012,25-1062
4012,25-1063
4012,25-1064
4012,25-1065
4012,25-1066
4012,25-1067
4012,25-1069
4012,25-1071
4012,25-1072
4012,25-1081
4012,25-1082
4012,25-1111
4012,25-1112
4012,25-1113
4012,25-1121
4012,25-1122
4012,25-1123
4012,25-1124
4012,25-1125
4012,25-1126
4012,25-1191
4012,25-1192
4012,25-1193
4012,25-1199
4021,13-1151
4021,21-1012
4021,25-1011
4021,25-1021
4021,25-1022
4021,25-1031
4021,25-1032
4021,25-1041
4021,25-1042
4021,25-1043
4021,25-1051
4021,25-1052
4021,25-1053
4021,25-1054
4021,25-1061
4021,25-1062
4021,25-1063
4021,25-1064
4021,25-1065
4021,25-1066
4021,25-1067
4021,25-1069
4021,25-1071
4021,25-1072
4021,25-1081
4021,25-1082
4021,25-1111
4021,25-1112
4021,25-1113
4021,25-1121
4021,25-1122
4021,25-1123
4021,25-1124
4021,25-1125
4021,25-1126
4021,25-1191
4021,25-1192
4021,25-1193
4021,25-1194
4021,25-1199
4021,25-2023
4021,25-2032
4021,25-3011
4021,25-3021
4021,25-3099
4021,25-9099
4031,25-1194
4031,25-2023
4031,25-2031
4031,25-2032
4031,25-2051
4031,25-2052
4031,25-2053
4031,25-2054
4031,25-2059
4032,25-2021
4032,25-2022
4032,25-2051
4032,25-2052
4032,25-2053
4032,25-2054
4032,25-2059
4033,21-1012
4033,25-3099
4033,25-9099
4111,23-1021
4111,23-1023
4112,23-1011
4112,23-1022
4151,19-3031
4151,19-3032
4151,19-3039
4152,21-1011
4152,21-1013
4152,21-1014
4152,21-1015
4152,21-1019
4152,21-1021
4152,21-1022
4152,21-1023
4152,21-1029
4152,21-1092
4152,21-1099
4153,21-1011
4153,21-1013
4153,21-1014
4153,21-1015
4153,21-1019
4153,21-1021
4153,21-1022
4153,21-1023
4153,21-1029
4153,21-1092
4153,21-1099
4154,21-2011
4154,21-2021
4155,21-1011
4155,21-1013
4155,21-1014
4155,21-1015
4155,21-1019
4155,21-1021
4155,21-1022
4155,21-1023
4155,21-1029
4155,21-1092
4155,21-1099
4156,13-1071
4156,13-1075
4156,13-1141
4156,21-1012
4161,13-1199
4161,19-1013
4161,19-1031
4161,19-1032
4161,19-2041
4161,21-1091
4161,25-9021
4161,29-9011
4162,13-1199
4162,19-3011
4163,13-1161
4163,13-1199
4163,27-3043
4164,13-1199
4165,13-1199
4165,23-1022
4166,13-1199
4166,25-9031
4167,13-1199
4168,13-1199
4169,19-3031
4169,19-3032
4169,19-3039
4169,19-3041
4169,19-3091
4169,19-3092
4169,19-3093
4169,19-3094
4169,19-3099
4169,27-3091
4211,23-1012
4211,23-2011
4211,23-2093
4211,23-2099
4211,33-3011
4211,33-9021
4211,33-9031
4212,13-1041
4212,21-1093
4212,21-1094
4212,43-4061
4214,25-2011
4214,25-2012
4214,39-1021
4214,39-9011
4215,25-2051
4215,25-2052
4215,25-2053
4215,25-2054
4215,25-2059
4216,13-1041
4216,21-1012
4216,25-3021
4216,25-3099
4216,25-9099
4216,43-4031
4217,21-2099
4311,33-1012
4311,33-3021
4311,33-3051
4311,33-3052
4312,17-3022
4312,17-3025
4312,17-3026
4312,17-3029
4312,17-3031
4312,19-4051
4312,19-4092
4312,19-4099
4312,33-1021
4312,33-2011
4312,33-2021
4312,33-2022
4312,47-4011
4312,53-6041
4313,55-2011
4313,55-2012
4313,55-2013
4313,55-3011
4313,55-3012
4313,55-3013
4313,55-3014
4313,55-3015
4313,55-3016
4313,55-3017
4313,55-3018
4313,55-3019
4411,39-1021
4411,39-9011
4412,31-1011
4412,37-1011
4412,39-1021
4412,39-9021
4412,39-9099
4413,25-9041
4421,23-1012
4421,23-2011
4421,23-2093
4421,23-2099
4421,33-3011
4421,33-9021
4421,33-9031
4422,33-1011
4422,33-3012
4423,33-1099
4423,33-3031
4423,33-3041
4423,33-9011
4423,33-9091
4423,33-9092
4423,33-9099
4423,43-5031
5111,25-4021
5111,25-9011
5112,25-4011
5112,25-4012
5113,25-4011
5113,25-4012
5121,13-1161
5121,19-3099
5121,27-3041
5121,27-3042
5121,27-3043
5121,27-3091
5122,27-3022
5122,27-3041
5122,27-3042
5122,27-3043
5123,27-3022
5123,27-3041
5125,19-3099
5125,27-3091
5131,27-1011
5131,27-2012
5131,27-2031
5131,27-2032
5131,27-3022
5131,27-3041
5131,27-4032
5132,27-2041
5132,27-2042
5133,25-3021
5133,27-2041
5133,27-2042
5134,25-3021
5134,25-3099
5134,27-2031
5134,27-2032
5135,25-3021
5135,25-3099
5135,27-2011
5135,27-2099
5136,25-3021
5136,25-3099
5136,27-1012
5136,27-1013
5136,51-9123
5136,51-9194
5211,25-4013
5211,25-4031
5211,27-1012
5212,25-4013
5212,25-4031
5212,27-1012
5212,39-1021
5212,39-7011
5212,39-7012
5221,27-4021
5222,27-4011
5222,27-4012
5222,27-4013
5222,27-4014
5222,27-4031
5222,27-4099
5223,27-1014
5223,27-1024
5223,51-9123
5223,51-9194
5224,27-4011
5224,27-4012
5224,27-4013
5224,27-4014
5224,27-4031
5224,27-4099
5225,27-4011
5225,27-4012
5225,27-4013
5225,27-4014
5225,27-4031
5225,27-4099
5226,27-1019
5226,27-2099
5226,27-3099
5226,27-4099
5226,39-3092
5226,39-3099
5227,27-1019
5227,27-2099
5227,27-3099
5227,27-4011
5227,27-4012
5227,27-4013
5227,27-4014
5227,27-4031
5227,27-4099
5227,39-3092
5227,39-3099
5227,49-9096
5231,27-3011
5231,27-3012
5231,27-3021
5232,27-1019
5232,27-2031
5232,27-2032
5232,27-2099
5232,27-3099
5232,27-4099
5232,39-3092
5232,39-3099
5232,41-9012
5241,27-1014
5241,27-1024
5242,27-1025
5242,27-1026
5242,27-1027
5243,27-1021
5243,27-1022
5243,27-1029
5244,21-1012
5244,25-3099
5244,25-9099
5244,27-1012
5244,27-1013
5244,47-2022
5244,47-4091
5244,49-1011
5244,49-9063
5244,49-9093
5244,51-6041
5244,51-6051
5244,51-7099
5244,51-9022
5244,51-9031
5244,51-9071
5244,51-9123
5244,51-9194
5244,51-9195
5245,51-6062
5245,51-6092
5245,51-9031
5251,27-2021
5252,25-3021
5252,27-2022
5252,27-2023
5253,25-3021
5253,27-2022
5253,27-2023
5254,25-3021
5254,27-2022
5254,27-2023
5254,29-9091
5254,33-1099
5254,33-3031
5254,33-3041
5254,33-9011
5254,33-9091
5254,33-9092
5254,33-9099
5254,39-1021
5254,39-9031
5254,43-5031
6211,41-1011
6221,41-1012
6221,41-4011
6221,41-9031
6222,13-1021
6222,13-1022
6222,13-1023
6231,13-2053
6231,41-1012
6231,41-3021
6232,11-9141
6232,41-1012
6232,41-9021
6232,41-9022
6235,13-2071
6235,13-2072
6311,35-2011
6311,35-2015
6311,35-3021
6311,35-3022
6311,35-3031
6311,35-3041
6311,35-9011
6312,37-1011
6313,39-1011
6313,39-1012
6313,39-1021
6313,39-3011
6313,39-3012
6313,39-3019
6313,39-6011
6313,39-6012
6313,39-7011
6313,39-7012
6313,41-1012
6313,41-3041
6313,43-3041
6313,43-4081
6313,43-4181
6313,43-5021
6313,53-1031
6313,53-2031
6313,53-6061
6314,43-1011
6315,37-1011
6315,37-2011
6315,37-2012
6315,37-2019
6315,39-9099
6315,47-4071
6315,53-7061
6316,33-1099
6316,33-9031
6316,33-9032
6316,33-9093
6316,39-3021
6316,39-3031
6316,39-3091
6316,39-3093
6316,51-6011
6316,53-6021
6321,35-1011
6321,35-1012
6322,35-1012
6322,35-2011
6322,35-2012
6322,35-2013
6322,35-2014
6322,35-2015
6322,35-2019
6322,51-3011
6331,51-3021
6331,51-3022
6331,51-3023
6331,51-3091
6332,51-3011
6341,39-1021
6341,39-5011
6341,39-5012
6342,51-6052
6343,51-6041
6344,49-1011
6344,49-9061
6344,49-9062
6344,49-9064
6344,49-9069
6344,51-9071
6345,51-6093
6346,39-4011
6346,39-4021
6346,39-4031
6411,13-1011
6411,13-1051
6411,13-1199
6411,13-2099
6411,41-1012
6411,41-3011
6411,41-3041
6411,41-3099
6411,41-4011
6411,41-4012
6411,41-9099
6421,41-2021
6421,41-2022
6421,41-2031
6421,41-9091
6421,41-9099
6511,35-3031
6511,35-3041
6512,35-3011
6513,35-3031
6513,35-3041
6521,41-1012
6521,41-3041
6521,43-4181
6522,53-1031
6522,53-2031
6522,53-6061
6523,41-1012
6523,41-3041
6523,43-4181
6524,41-1012
6524,41-3041
6524,43-4181
6525,39-6012
6525,43-4081
6531,39-1021
6531,39-7011
6531,39-7012
6531,53-6099
6531,53-7199
6532,39-1021
6532,39-7011
6532,39-7012
6533,39-1011
6533,39-1012
6533,39-3011
6533,39-3012
6533,39-3019
6533,43-3041
6541,23-1012
6541,23-2011
6541,23-2093
6541,23-2099
6541,33-1099
6541,33-3011
6541,33-3031
6541,33-3041
6541,33-9011
6541,33-9021
6541,33-9031
6541,33-9032
6541,33-9091
6541,33-9092
6541,33-9093
6541,33-9099
6541,43-5031
6551,43-3071
6551,43-5051
6552,43-4021
6552,43-4051
6552,43-4171
6561,39-1021
6561,39-5012
6561,39-5091
6561,39-5092
6561,39-5093
6561,39-5094
6562,27-1019
6562,27-2099
6562,27-3099
6562,27-4099
6562,39-1021
6562,39-3092
6562,39-3099
6562,39-5012
6562,39-5091
6562,39-5092
6562,39-5093
6562,39-5094
6563,31-9096
6563,39-1021
6563,39-2011
6563,39-2021
6563,53-6099
6563,53-7199
6564,27-2099
6564,35-9031
6564,39-1021
6564,39-9032
6564,39-9041
6564,39-9099
6611,41-2011
6611,41-2012
6621,53-1031
6621,53-6031
6622,43-5081
6623,41-2021
6623,41-9011
6623,41-9041
6623,41-9091
6623,41-9099
6711,35-2011
6711,35-2015
6711,35-2021
6711,35-3021
6711,35-3022
6711,35-3041
6711,35-9011
6711,35-9021
6711,35-9099
6711,41-9091
6721,39-3021
6721,39-3031
6721,39-3091
6721,39-3093
6721,39-6011
6721,43-5021
6721,53-1031
6721,53-2031
6721,53-6021
6721,53-6061
6722,39-3021
6722,39-3031
6722,39-3091
6722,39-3093
6722,47-2071
6722,47-2072
6722,47-2073
6722,53-1031
6722,53-6011
6722,53-6021
6722,53-7021
6722,53-7031
6722,53-7032
6722,53-7041
6731,37-2011
6731,37-2012
6731,37-3019
6731,53-7061
6732,37-2011
6732,37-2012
6732,37-2019
6732,47-4071
6732,53-7061
6733,37-2011
6733,37-3019
6733,49-9071
6733,49-9098
6733,49-9099
6741,51-6011
6741,51-6021
6742,37-1011
6742,39-1021
6742,39-3021
6742,39-3031
6742,39-3091
6742,39-3093
6742,39-9021
6742,39-9099
6742,43-5021
6742,53-1031
6742,53-3011
6742,53-3031
6742,53-3033
6742,53-3041
6742,53-6021
6742,53-6099
6742,53-7199
7201,47-2011
7201,47-2171
7201,47-2211
7201,47-2221
7201,49-9094
7201,49-9096
7201,51-2041
7201,51-4011
7201,51-4012
7201,51-4021
7201,51-4022
7201,51-4023
7201,51-4031
7201,51-4032
7201,51-4033
7201,51-4034
7201,51-4035
7201,51-4041
7201,51-4061
7201,51-4062
7201,51-4081
7201,51-4111
7201,51-4121
7201,51-4122
7201,51-4192
7201,51-4194
7201,51-4199
7201,51-9022
7201,51-9061
7202,47-2111
7202,47-2231
7202,47-4021
7202,49-1011
7202,49-2011
7202,49-2021
7202,49-2022
7202,49-2092
7202,49-2093
7202,49-2094
7202,49-2095
7202,49-2096
7202,49-2097
7202,49-2098
7202,49-3053
7202,49-9011
7202,49-9012
7202,49-9031
7202,49-9051
7202,49-9052
7202,49-9097
7203,47-1011
7204,47-1011
7204,51-7011
7204,51-7021
7204,51-7031
7204,51-7032
7205,27-1023
7205,37-1012
7205,37-2021
7205,37-3012
7205,47-1011
7205,47-4021
7205,49-1011
7205,49-2011
7205,49-2021
7205,49-2022
7205,49-2092
7205,49-2093
7205,49-2094
7205,49-2095
7205,49-2096
7205,49-2097
7205,49-2098
7205,49-3053
7205,49-3091
7205,49-9011
7205,49-9012
7205,49-9031
7205,49-9052
7205,49-9061
7205,49-9062
7205,49-9063
7205,49-9064
7205,49-9069
7205,49-9097
7205,51-9083
7231,51-4011
7231,51-4021
7231,51-4022
7231,51-4023
7231,51-4031
7231,51-4032
7231,51-4033
7231,51-4034
7231,51-4035
7231,51-4041
7231,51-4081
7231,51-4199
7231,51-9061
7232,49-9094
7232,51-4012
7232,51-4061
7232,51-4062
7232,51-4111
7232,51-4192
7233,47-2011
7233,47-2211
7233,51-4192
7234,47-2011
7234,47-2211
7234,51-4192
7235,47-2171
7235,47-2221
7235,51-2041
7236,47-2171
7236,47-2221
7236,51-2041
7237,51-4121
7237,51-4122
7241,47-2111
7241,47-2231
7242,47-2111
7242,47-2231
7243,47-4021
7243,49-1011
7243,49-2092
7243,49-2093
7243,49-2094
7243,49-2095
7243,49-2096
7243,49-2098
7243,49-3053
7243,49-9011
7243,49-9012
7243,49-9031
7243,49-9097
7244,49-1011
7244,49-9051
7245,49-1011
7245,49-2011
7245,49-2021
7245,49-2022
7245,49-2093
7245,49-2097
7245,49-9052
7246,49-1011
7246,49-2011
7246,49-2021
7246,49-2022
7246,49-2093
7246,49-2097
7246,49-9052
7247,49-1011
7247,49-2011
7247,49-2021
7247,49-2022
7247,49-2093
7247,49-2097
7247,49-9052
7251,47-2151
7251,47-2152
7252,47-2151
7252,47-2152
7253,47-2151
7253,47-2152
7271,47-2031
7272,51-7011
7272,51-7021
7272,51-7031
7272,51-7032
7281,47-2021
7281,47-2022
7281,47-4091
7281,49-9045
7282,47-2051
7282,47-2053
7282,47-4091
7283,47-2041
7283,47-2042
7283,47-2043
7283,47-2044
7283,47-2051
7283,47-2053
7283,47-4091
7284,47-2081
7284,47-2082
7284,47-2131
7284,47-2132
7284,47-2161
7291,47-2181
7292,47-2121
7293,47-2131
7293,47-2132
7294,47-2141
7294,47-2142
7295,47-2041
7295,47-2042
7295,47-2043
7295,47-2044
7301,47-2011
7301,47-2211
7301,47-4021
7301,49-1011
7301,49-2092
7301,49-2093
7301,49-2094
7301,49-2095
7301,49-2096
7301,49-2098
7301,49-3011
7301,49-3021
7301,49-3022
7301,49-3023
7301,49-3031
7301,49-3041
7301,49-3042
7301,49-3043
7301,49-3051
7301,49-3052
7301,49-3053
7301,49-3092
7301,49-3093
7301,49-9011
7301,49-9012
7301,49-9021
7301,49-9031
7301,49-9041
7301,49-9043
7301,49-9044
7301,49-9045
7301,49-9081
7301,49-9097
7301,51-4192
7302,39-3091
7302,47-2071
7302,47-2072
7302,47-2073
7302,47-2231
7302,47-4031
7302,47-4041
7302,47-4099
7302,47-5011
7302,47-5012
7302,47-5013
7302,47-5021
7302,47-5031
7302,47-5071
7302,49-9095
7302,53-1011
7302,53-1021
7302,53-1031
7302,53-4021
7302,53-4031
7302,53-4099
7302,53-6011
7302,53-7021
7302,53-7031
7302,53-7032
7302,53-7041
7302,53-7062
7302,53-7073
7302,53-7121
7303,43-9031
7303,51-5111
7303,51-5112
7303,51-5113
7303,51-9151
7304,11-3071
7304,53-1031
7304,53-4011
7304,53-4012
7304,53-4013
7304,53-4041
7304,53-7111
7305,43-5032
7305,53-1031
7305,53-3021
7305,53-3022
7305,53-4041
7311,49-1011
7311,49-3041
7311,49-3042
7311,49-3043
7311,49-9041
7311,49-9043
7311,49-9044
7311,49-9045
7311,49-9081
7311,49-9096
7311,51-4194
7311,51-9022
7312,49-1011
7312,49-3041
7312,49-3042
7312,49-3043
7312,49-9041
7312,49-9043
7312,49-9044
7312,49-9045
7312,49-9081
7313,49-1011
7313,49-9021
7314,49-1011
7314,49-3021
7314,49-3022
7314,49-3023
7314,49-3031
7314,49-3051
7314,49-3052
7314,49-3053
7314,49-3092
7314,49-3093
7315,49-1011
7315,49-3011
7316,49-1011
7316,49-3011
7316,49-3041
7316,49-3042
7316,49-3043
7316,49-9041
7316,49-9043
7316,49-9044
7316,49-9045
7316,49-9081
7318,47-4021
7318,49-1011
7318,49-2092
7318,49-2093
7318,49-2094
7318,49-2095
7318,49-2096
7318,49-2098
7318,49-3053
7318,49-9011
7318,49-9012
7318,49-9031
7318,49-9097
7321,49-1011
7321,49-3021
7321,49-3022
7321,49-3023
7321,49-3031
7321,49-3051
7321,49-3052
7321,49-3053
7321,49-3092
7321,49-3093
7322,47-2011
7322,47-2121
7322,47-2211
7322,51-4192
7322,51-9121
7322,51-9122
7331,49-1011
7331,49-9021
7332,47-4021
7332,49-1011
7332,49-2092
7332,49-2093
7332,49-2094
7332,49-2095
7332,49-2096
7332,49-2098
7332,49-3053
7332,49-9011
7332,49-9012
7332,49-9031
7332,49-9097
7333,47-4021
7333,49-1011
7333,49-2092
7333,49-2093
7333,49-2094
7333,49-2095
7333,49-2096
7333,49-2098
7333,49-3053
7333,49-9011
7333,49-9012
7333,49-9031
7333,49-9097
7334,49-1011
7334,49-3021
7334,49-3022
7334,49-3023
7334,49-3031
7334,49-3051
7334,49-3052
7334,49-3053
7334,49-3092
7334,49-3093
7335,49-1011
7335,49-3021
7335,49-3022
7335,49-3023
7335,49-3031
7335,49-3051
7335,49-3052
7335,49-3053
7335,49-3092
7335,49-3093
7361,53-1031
7361,53-4011
7361,53-4012
7361,53-4013
7361,53-4021
7361,53-4031
7361,53-4041
7361,53-4099
7361,53-7111
7362,53-1031
7362,53-4021
7362,53-4031
7362,53-4099
7362,53-6061
7371,39-3091
7371,49-9096
7371,53-1031
7371,53-6011
7371,53-7021
7371,53-7041
7372,47-5021
7372,47-5031
7372,47-5041
7372,47-5042
7372,47-5049
7372,47-5051
7372,47-5061
7372,53-7032
7372,53-7033
7373,47-5011
7373,47-5012
7373,47-5013
7373,47-5021
7373,47-5071
7373,53-7073
7381,51-5112
7384,27-1012
7384,27-1023
7384,47-2022
7384,47-2051
7384,47-2053
7384,47-2231
7384,47-4031
7384,47-4041
7384,47-4091
7384,47-4099
7384,49-1011
7384,49-3021
7384,49-3022
7384,49-3023
7384,49-3031
7384,49-3051
7384,49-3052
7384,49-3053
7384,49-3092
7384,49-3093
7384,49-9061
7384,49-9062
7384,49-9064
7384,49-9069
7384,49-9092
7384,49-9094
7384,49-9095
7384,51-4012
7384,51-4022
7384,51-4061
7384,51-4062
7384,51-4111
7384,51-4192
7384,51-4194
7384,51-4199
7384,51-9022
7384,51-9083
7384,51-9123
7384,51-9194
7384,51-9195
7441,27-1023
7441,47-2021
7441,47-2031
7441,47-2041
7441,47-2042
7441,47-2043
7441,47-2044
7441,47-2131
7441,47-2132
7441,47-2151
7441,47-2152
7441,47-2231
7441,47-4021
7441,47-4031
7441,47-4041
7441,47-4099
7441,49-1011
7441,49-2011
7441,49-2021
7441,49-2022
7441,49-2092
7441,49-2093
7441,49-2094
7441,49-2095
7441,49-2096
7441,49-2097
7441,49-2098
7441,49-3053
7441,49-9011
7441,49-9012
7441,49-9031
7441,49-9045
7441,49-9052
7441,49-9095
7441,49-9097
7441,51-2092
7441,51-2099
7441,51-9083
7442,47-2151
7442,47-2152
7444,37-1012
7444,37-2021
7444,37-3012
7445,27-1023
7445,47-4021
7445,49-1011
7445,49-2092
7445,49-2093
7445,49-2094
7445,49-2095
7445,49-2096
7445,49-2098
7445,49-3053
7445,49-3091
7445,49-9011
7445,49-9012
7445,49-9031
7445,49-9061
7445,49-9062
7445,49-9063
7445,49-9064
7445,49-9069
7445,49-9097
7445,51-9083
7451,53-1011
7451,53-1021
7451,53-7062
7451,53-7121
7452,51-9198
7452,51-9199
7452,53-1011
7452,53-1021
7452,53-1031
7452,53-7051
7452,53-7062
7452,53-7063
7452,53-7064
7452,53-7121
7511,53-1031
7511,53-3032
7512,53-1031
7512,53-3021
7512,53-3022
7512,53-4041
7513,53-1031
7513,53-3011
7513,53-3031
7513,53-3033
7513,53-3041
7514,43-5041
7514,49-9091
7514,53-1031
7514,53-3011
7514,53-3031
7514,53-3033
7514,53-3041
7521,47-2071
7521,47-2072
7521,47-2073
7521,53-7031
7521,53-7032
7522,47-2071
7522,47-2072
7522,47-2073
7522,53-1031
7522,53-3032
7522,53-7031
7522,53-7032
7531,49-1011
7531,49-3041
7531,49-3042
7531,49-3043
7531,49-9041
7531,49-9043
7531,49-9044
7531,49-9045
7531,49-9081
7531,53-1031
7531,53-4021
7531,53-4031
7531,53-4099
7532,51-8021
7532,53-5011
7532,53-5022
7533,53-5011
7533,53-5022
7534,37-2011
7534,37-2012
7534,53-1011
7534,53-1021
7534,53-1031
7534,53-3032
7534,53-7061
7534,53-7062
7534,53-7121
7535,49-1011
7535,49-3021
7535,49-3022
7535,49-3023
7535,49-3031
7535,49-3041
7535,49-3042
7535,49-3043
7535,49-3051
7535,49-3052
7535,49-3053
7535,49-3092
7535,49-3093
7535,49-9041
7535,49-9043
7535,49-9044
7535,49-9045
7535,49-9081
7611,47-2061
7611,47-2151
7611,47-2152
7611,47-2231
7611,47-3011
7611,47-3012
7611,47-3013
7611,47-3014
7611,47-3015
7611,47-3016
7611,47-3019
7611,47-4031
7611,47-4041
7611,47-4051
7611,47-4061
7611,47-4099
7611,47-5081
7611,47-5099
7611,49-9095
7612,39-3021
7612,39-3031
7612,39-3091
7612,39-3093
7612,53-6021
7621,37-3019
7621,43-5041
7621,47-3019
7621,47-4051
7621,47-4061
7621,49-9091
7621,53-1031
7621,53-7081
7622,39-3021
7622,39-3031
7622,39-3091
7622,39-3093
7622,53-6021
8211,45-1011
8211,45-4011
8211,45-4021
8211,45-4022
8211,45-4023
8211,45-4029
8221,47-1011
8222,47-1011
8231,47-5011
8231,47-5012
8231,47-5013
8231,47-5021
8231,47-5031
8231,47-5041
8231,47-5042
8231,47-5049
8231,47-5051
8231,47-5061
8231,47-5071
8231,53-7032
8231,53-7033
8231,53-7073
8232,47-5011
8232,47-5012
8232,47-5013
8232,47-5021
8232,47-5071
8232,53-7073
8241,45-2091
8241,45-4022
8252,31-9096
8252,37-1012
8252,37-3013
8252,39-1021
8252,39-2011
8252,39-2021
8252,45-1011
8252,45-2021
8252,45-2091
8255,37-1012
8255,37-3013
8255,45-2091
8261,45-1011
8261,45-3011
8262,45-1011
8262,45-3011
8411,47-5081
8411,47-5099
8412,47-5011
8412,47-5012
8412,47-5013
8412,47-5021
8412,47-5071
8412,53-7073
8421,45-1011
8421,45-2091
8421,45-4011
8421,45-4021
8421,45-4022
8421,45-4023
8421,45-4029
8422,33-1021
8422,33-2011
8422,45-1011
8422,45-4011
8422,45-4021
8422,45-4022
8422,45-4023
8422,45-4029
8431,31-9096
8431,39-1021
8431,39-2011
8431,39-2021
8431,45-2091
8431,45-2092
8431,45-2093
8431,45-2099
8431,45-4022
8432,37-3011
8432,37-3019
8432,45-2092
8441,45-1011
8441,45-2093
8441,45-3011
8442,45-1011
8442,45-3021
8611,45-2092
8611,45-2099
8612,37-1012
8612,37-2021
8612,37-3011
8612,37-3012
8612,37-3019
8612,45-2092
8613,45-2093
8613,45-3011
8614,47-5081
8614,47-5099
8615,47-5081
8615,47-5099
8616,45-4011
8616,45-4029
9211,51-1011
9212,51-1011
9213,51-1011
9214,51-1011
9215,51-1011
9217,51-1011
9221,51-1011
9222,51-1011
9223,51-1011
9224,51-1011
9226,51-1011
9227,51-1011
9231,51-4012
9231,51-4051
9232,51-8091
9232,51-8092
9232,51-8093
9232,53-7071
9232,53-7072
9235,51-4012
9241,51-1011
9241,51-8011
9241,51-8012
9241,51-8013
9241,51-8021
9243,51-1011
9243,51-8031
9243,51-8099
9243,53-7072
9411,51-4021
9411,51-4023
9411,51-4051
9411,51-4052
9411,51-4191
9411,51-9021
9411,51-9192
9412,51-4071
9412,51-4072
9413,51-6091
9413,51-9021
9413,51-9022
9413,51-9023
9413,51-9031
9413,51-9041
9413,51-9051
9413,51-9195
9414,27-1012
9414,47-2022
9414,47-4091
9414,51-6091
9414,51-8099
9414,51-9021
9414,51-9023
9414,51-9032
9414,51-9041
9414,51-9051
9414,51-9192
9414,51-9195
9415,51-9061
9416,51-4011
9416,51-4021
9416,51-4022
9416,51-4023
9416,51-4031
9416,51-4032
9416,51-4033
9416,51-4034
9416,51-4035
9416,51-4041
9416,51-4081
9416,51-4121
9416,51-4122
9416,51-4199
9417,51-4011
9417,51-4021
9417,51-4022
9417,51-4023
9417,51-4031
9417,51-4032
9417,51-4033
9417,51-4034
9417,51-4035
9417,51-4041
9417,51-4081
9417,51-4194
9417,51-4199
9417,51-9022
9418,51-4011
9418,51-4021
9418,51-4022
9418,51-4023
9418,51-4031
9418,51-4032
9418,51-4033
9418,51-4034
9418,51-4035
9418,51-4041
9418,51-4081
9418,51-4194
9418,51-4199
9418,51-9022
9418,51-9061
9418,51-9141
9418,51-9191
9418,51-9193
9418,53-7011
9421,51-9011
9421,51-9012
9421,51-9061
9421,51-9111
9421,51-9195
9422,51-2091
9422,51-4021
9422,51-4022
9422,51-4023
9422,51-4031
9422,51-4032
9422,51-4033
9422,51-4034
9422,51-4035
9422,51-4072
9422,51-4191
9422,51-4193
9422,51-4199
9423,51-9021
9423,51-9041
9423,51-9051
9423,51-9061
9423,51-9195
9423,51-9197
9431,51-7041
9432,51-9061
9432,51-9192
9432,51-9196
9433,51-9061
9433,51-9192
9433,51-9196
9434,51-7041
9434,51-9051
9434,51-9191
9435,51-9191
9435,51-9196
9436,51-9061
9437,51-7042
9441,45-2041
9441,51-6061
9441,51-6064
9441,51-6099
9442,51-6063
9442,51-6099
9445,51-6042
9445,51-6062
9445,51-6092
9445,51-9031
9446,49-9093
9446,51-6031
9446,51-6041
9446,51-6042
9446,51-6051
9447,45-2041
9447,51-6052
9447,51-6099
9447,51-9061
9461,45-2041
9461,51-3021
9461,51-3022
9461,51-3023
9461,51-3091
9461,51-3092
9461,51-3093
9461,51-3099
9461,51-9012
9461,51-9041
9461,51-9111
9461,51-9193
9461,51-9195
9462,51-3021
9462,51-3022
9462,51-3023
9462,51-3091
9463,51-3021
9463,51-3022
9463,51-3023
9463,51-3091
9463,51-3092
9463,51-3093
9463,51-3099
9463,51-9041
9463,51-9193
9465,45-2011
9465,45-2041
9465,51-9041
9465,51-9195
9471,51-5112
9472,43-9031
9472,51-5111
9473,51-5113
9474,51-9151
9521,51-2011
9521,51-2031
9521,51-9061
9522,51-2011
9522,51-2031
9522,51-9061
9523,51-2021
9523,51-2022
9523,51-2023
9523,51-2093
9523,51-9061
9523,51-9141
9523,51-9191
9523,51-9193
9523,51-9194
9523,53-7011
9524,51-2021
9524,51-2022
9524,51-2023
9524,51-2093
9524,51-9061
9524,51-9194
9525,51-2021
9525,51-2022
9525,51-2023
9525,51-2093
9525,51-9061
9525,51-9194
9526,51-2011
9526,51-2031
9526,51-9061
9527,51-2021
9527,51-2022
9527,51-2023
9527,51-2093
9527,51-9061
9527,51-9194
9531,51-2092
9531,51-2099
9531,51-9061
9532,51-2092
9532,51-2099
9532,51-6093
9532,51-9061
9533,51-2092
9533,51-2099
9533,51-9061
9534,51-9121
9534,51-9122
9535,51-2092
9535,51-2099
9535,51-9061
9536,51-4193
9536,51-9121
9536,51-9122
9536,51-9192
9537,27-1023
9537,49-9093
9537,51-2092
9537,51-2099
9537,51-6041
9537,51-6042
9537,51-6051
9537,51-6099
9537,51-9061
9537,51-9083
9611,51-9198
9611,51-9199
9611,53-7062
9611,53-7063
9612,51-4194
9612,51-9022
9612,51-9198
9612,51-9199
9612,53-7062
9612,53-7063
9613,51-9198
9613,51-9199
9613,53-7062
9613,53-7063
9614,51-9198
9614,51-9199
9614,53-7062
9614,53-7063
9615,51-9198
9615,51-9199
9615,53-7062
9615,53-7063
9616,51-9198
9616,51-9199
9616,53-7062
9616,53-7063
9617,51-9198
9617,51-9199
9617,53-7062
9617,53-7063
9617,53-7064
9618,51-9198
9618,51-9199
9618,53-7062
9618,53-7063
9619,51-9111
9619,51-9198
9619,51-9199
9619,53-7062
9619,53-7063
9619,53-7081
