code,title,Level,parent,division,major,minor,unit,most_detailed
11-18,"Excecutive, Administrative and Managerial Occupations",division,0000,11-18,NA,NA,NA,FALSE
17-18,Natural Scientists and Mathematicians,division,0000,17-18,NA,NA,NA,FALSE
19-21,"Social Scientist, Social Workers, Religious Workers, and Lawyers",division,0000,19-21,NA,NA,NA,FALSE
22-25,"Teachers, Librarians, and Counselors",division,0000,22-25,NA,NA,NA,FALSE
26-28,Health Diagnosing and Treating Practitioners,division,0000,26-28,NA,NA,NA,FALSE
29-30,"Registered Nurses, Pharmacists, Dietitians, Therapists, and Physician's Assistants",division,0000,29-30,NA,NA,NA,FALSE
32-34,"Writers, Artists, Entertainers, and Athletes",division,0000,32-34,NA,NA,NA,FALSE
36-36,Health Technologists and Technicians,division,0000,36-36,NA,NA,NA,FALSE
37-39,"Technologists and Technicians, Except Health",division,0000,37-39,NA,NA,NA,FALSE
40-44,Marketing and Sales Occupations,division,0000,40-44,NA,NA,NA,FALSE
45-47,"Administrative Support Occupations, Including Clerical",division,0000,45-47,NA,NA,NA,FALSE
50-52,Service Occupations,division,0000,50-52,NA,NA,NA,FALSE
55-58,"Agricultural, Forestry and Fishing Occupations",division,0000,55-58,NA,NA,NA,FALSE
60-61,Mechanics and Repairers,division,0000,60-61,NA,NA,NA,FALSE
63-65,Construction and Extractive Occupations,division,0000,63-65,NA,NA,NA,FALSE
67-69,Precision Production Occupations,division,0000,67-69,NA,NA,NA,FALSE
71-78,Production Working Occupations,division,0000,71-78,NA,NA,NA,FALSE
81-83,Transportation and Material Moving Occupations,division,0000,81-83,NA,NA,NA,FALSE
85-87,"Handlers, Equipment Cleaners, Helpers and Laborers",division,0000,85-87,NA,NA,NA,FALSE
91-91,Military Occupations,division,0000,91-91,NA,NA,NA,FALSE
99-99,Miscellaneous Occupations,division,0000,99-99,NA,NA,NA,FALSE
11,"OFFICIALS AND ADMINISTRATORS,PUBLIC ADMINISTRATION",major,11-18,11-18,11,NA,NA,FALSE
12-13,"OFFICIALS AND ADMINISTRATORS, OTHER",major,11-18,11-18,12-13,NA,NA,FALSE
14,MANAGEMENT RELATED OCCUPATIONS,major,11-18,11-18,14,NA,NA,FALSE
16,"ENGINEERS, SURVEYORS AND ARCHITECTS",major,11-18,11-18,16,NA,NA,FALSE
17,"COMPUTER, MATHEMATICAL, AND OPERATIONS RESEARCH OCCUPATIONS",major,17-18,17-18,17,NA,NA,FALSE
18,NATURAL SCIENTISTS,major,17-18,17-18,18,NA,NA,FALSE
19,SOCIAL SCIENTISTS AND URBAN PLANNERS,major,19-21,19-21,19,NA,NA,FALSE
20,"SOCIAL, RECREATION, AND RELIGIOUS WORKERS",major,19-21,19-21,20,NA,NA,FALSE
21,LAWYERS AND JUDGES,major,19-21,19-21,21,NA,NA,FALSE
22,"TEACHERS; COLLEGE, UNIVERSITY AND OTHER POSTSECONDARY INSTITUTION",major,22-25,22-25,22,NA,NA,FALSE
23,"TEACHERS, EXCEPT POSTSECONDARY INSTITUTION",major,22-25,22-25,23,NA,NA,FALSE
24,VOCATIONAL AND EDUCATIONAL COUNSELORS,major,22-25,22-25,24,NA,NA,TRUE
25,"LIBRARIANS, ARCHIVISTS, AND CURATORS",major,22-25,22-25,25,NA,NA,FALSE
26,PHYSICIANS AND DENTISTS,major,26-28,26-28,26,NA,NA,FALSE
27,VETERINARIANS,major,26-28,26-28,27,NA,NA,TRUE
28,OTHER HEALTH DIAGNOSING AND TREATING PRACTITIONERS,major,26-28,26-28,28,NA,NA,FALSE
29,REGISTERED NURSES,major,29-30,29-30,29,NA,NA,TRUE
30,"PHARMACISTS, DIETITIANS, THERAPISTS, AND PHYSICIAN'S AS",major,29-30,29-30,30,NA,NA,FALSE
32,"WRITERS, ARTISTS, PERFORMERS, AND RELATED WORKERS",major,32-34,32-34,32,NA,NA,FALSE
33,"EDITORS, REPORTERS, PUBLIC RELATIONS SPECIALISTS, AND ANNOUCERS",major,32-34,32-34,33,NA,NA,FALSE
34,ATHLETES AND RELATED WORKERS,major,32-34,32-34,34,NA,NA,TRUE
36,HEALTH TECHNOLOGISTS AND TECHNICIANS,major,36-36,36-36,36,NA,NA,FALSE
37,ENGINEERING AND RLATED TECHNOLOGISTS AND TECHNICIANS,major,37-39,37-39,37,NA,NA,FALSE
38,SCIENCE TECHNOLOGISTS AND TECHNICIANS,major,37-39,37-39,38,NA,NA,FALSE
39,"TECHNICIANS; EXCEPT HEALTH, ENGINEERING, AND SCIENCE",major,37-39,37-39,39,NA,NA,FALSE
40,SUPERVISORS;MARKETING AND SALES OCCUPATIONS,major,40-44,40-44,40,NA,NA,FALSE
41,"INSURANCE, SECURITIES, REAL ESTATE, AND BUSINESS SERVICIE SALES OCCUPATION",major,40-44,40-44,41,NA,NA,FALSE
42,"SALES OCCUPATIONS, COMMODITIES EXCEPT RETAIL",major,40-44,40-44,42,NA,NA,FALSE
43,"SALES OCCUPATIONS, RETAIL",major,40-44,40-44,43,NA,NA,FALSE
44,SALES RELATED OCCUPATIONS,major,40-44,40-44,44,NA,NA,FALSE
45,"SUPERVISORS; ADMINISTRATIVE SUPPORT OCCUPATIONS, INCLUDING CLERICAL",major,45-47,45-47,45,NA,NA,FALSE
46-47,"ADMINISTRATIVE SUPPORT OCCUPATIONS, INCLUDING CLERICAL",major,45-47,45-47,46-47,NA,NA,FALSE
50,PRIVATE HOUSEHOLD OCCUPATIONS,major,50-52,50-52,50,NA,NA,FALSE
51,PROTECTIVE SERVICE OCCUPATIONS,major,50-52,50-52,51,NA,NA,FALSE
52,"SERVICE OCCUPATIONS, EXCEPT PRIVATE HOUSEHOLD AND PROTE",major,50-52,50-52,52,NA,NA,FALSE
55,FARM OPERATORS AND MANAGERS,major,55-58,55-58,55,NA,NA,FALSE
56,OTHER AGRICULTURAL AND RELATED OCCUPATIONS,major,55-58,55-58,56,NA,NA,FALSE
57,FORESTRY AND LOGGING OCCUPATIONS,major,55-58,55-58,57,NA,NA,FALSE
58,"FISHERS, HUNTERS, AND TRAPPERS",major,55-58,55-58,58,NA,NA,FALSE
60,SUPERVISORS; MECHANICS AND REPAIRERS,major,60-61,60-61,60,NA,NA,TRUE
61,MECHANICS AND REPAIRERS,major,60-61,60-61,61,NA,NA,FALSE
63,SUPERVISORS; CONSTRUCTION AND EXTRACTIVE OCCUPATIONS,major,63-65,63-65,63,NA,NA,FALSE
64,CONSTRUCTION TRADES,major,63-65,63-65,64,NA,NA,FALSE
65,EXTRACTIVE OCCUPATIONS,major,63-65,63-65,65,NA,NA,FALSE
67,SUPERVISORS; PRECISION PRODUCTION OCCUPATIONS,major,67-69,67-69,67,NA,NA,TRUE
68,PRECISION PRODUCTION OCCUPATIONS,major,67-69,67-69,68,NA,NA,FALSE
69,PLANT AND SYSTEM OPERATORS,major,67-69,67-69,69,NA,NA,FALSE
71,SUPERVISORS; PRODUCTION OCCUPATIONS,major,71-78,71-78,71,NA,NA,TRUE
73-74,MACHINE SETUP OPERATORS,major,71-78,71-78,73-74,NA,NA,FALSE
75-76,MACHINE OPERATORS AND TENDERS,major,71-78,71-78,75-76,NA,NA,FALSE
77,"FABRICATORS, ASSEMBLERS, AND HAND WORKING OCCUPATIONS",major,71-78,71-78,77,NA,NA,FALSE
78,"PRODUCTION INSPECTORS, TESTERS, SAMPLERS, AND WEIGHERS",major,71-78,71-78,78,NA,NA,FALSE
81,SUPERVISORS; TRANSPORTATION AND MATERIAL MOVING OCCUPAT,major,81-83,81-83,81,NA,NA,FALSE
82,TRANSPORTATION OCCUPATIONS,major,81-83,81-83,82,NA,NA,FALSE
83,"MATERIAL MOVING OCCUPATIONS, EXCEPT TRANSPORTATION",major,81-83,81-83,83,NA,NA,FALSE
85,"SUPERVISORS; HANDLERS, EQUIPMENT CLEANERS, HELPERS, AND LABORERS",major,85-87,85-87,85,NA,NA,TRUE
86,HELPERS,major,85-87,85-87,86,NA,NA,FALSE
87,"HANDLERS, EQUIPMENT CLEANERS AND LABORERS",major,85-87,85-87,87,NA,NA,FALSE
91,MILITARY OCCUPATIONS,major,91-91,91-91,91,NA,NA,TRUE
98,NOT DETERMINED,major,99-99,99-99,98,NA,NA,TRUE
99,MISCELLANEOUS OCCUPATIONS,major,99-99,99-99,99,NA,NA,FALSE
111,LEGISLATORS,minor,11,11-18,11,111,NA,TRUE
112,CHIEF EXECUTIVES AND GENERAL ADMINISTRATORS,minor,11,11-18,11,112,NA,TRUE
113,"OFFICIALS AND ADMINISTRATORS,GOVERNMENT AGENCIES",minor,11,11-18,11,113,NA,FALSE
121,GENERAL MANAGERS AND OTHER TOP EXECUTIVES,minor,12-13,11-18,12-13,121,NA,TRUE
122,FINANCIAL MANAGERS,minor,12-13,11-18,12-13,122,NA,TRUE
123,PERSONNEL AND LABOR RELATIONS MANAGERS,minor,12-13,11-18,12-13,123,NA,TRUE
124,PURCHASING MANAGERS,minor,12-13,11-18,12-13,124,NA,TRUE
125,"MANAGERS; MARKETING, ADVERTISING, AND PUBLIC RELATIONS",minor,12-13,11-18,12-13,125,NA,TRUE
126,"MANAGERS; ENGINEERING, MATHEMATICS, AND NATURAL SCIENCE",minor,12-13,11-18,12-13,126,NA,TRUE
127,MANAGERS; SOCIAL SCIENCES AND RELATED FIELDS,minor,12-13,11-18,12-13,127,NA,TRUE
128,ADMINISTRATORS; EDUCATION AND RELATED FIELDS,minor,12-13,11-18,12-13,128,NA,FALSE
131,MANAGERS; MEDICINE AND HEALTH,minor,12-13,11-18,12-13,131,NA,TRUE
132,"PRODUCTION MANAGERS, INDUSTRIAL",minor,12-13,11-18,12-13,132,NA,TRUE
133,CONSTRUCTION MANAGERS,minor,12-13,11-18,12-13,133,NA,TRUE
134,PUBLIC UTILITIES MANAGERS,minor,12-13,11-18,12-13,134,NA,FALSE
135,MANAGERS; SERVICE ORGANIZATIONS,minor,12-13,11-18,12-13,135,NA,FALSE
136,"MANAGERS; MINING, QUARRYING, WELL DRILLING, AND SIMILAR",minor,12-13,11-18,12-13,136,NA,TRUE
137,MANAGERS: ADMINISTRATIVE SERVICES,minor,12-13,11-18,12-13,137,NA,TRUE
139,"OFFICIALS AND ADMINISTRATORS; OTHER, NEC",minor,12-13,11-18,12-13,139,NA,TRUE
141,"ACCOUNTANTS, AUDITORS AND OTHER FINANCIAL SPECIALISTS",minor,14,11-18,14,141,NA,FALSE
142,MANAGEMENT ANALYST,minor,14,11-18,14,142,NA,TRUE
143,"PERSONNEL, TRAINING, AND LABOR RLATIONS SPECIALISTS",minor,14,11-18,14,143,NA,TRUE
144,PURCHASING AGENTS AND BUYERS,minor,14,11-18,14,144,NA,FALSE
145,BUSINESS AND PROMOTION AGENTS,minor,14,11-18,14,145,NA,TRUE
147,INSPECTORS AND COMPLIANCE OFFICERS,minor,14,11-18,14,147,NA,FALSE
149,"MANAGEMENT RELATED OCCUPATIONS, NEC",minor,14,11-18,14,149,NA,TRUE
161,ARCHITECTS,minor,16,11-18,16,161,NA,TRUE
162-3,ENGINEERS,minor,16,11-18,16,162-3,NA,FALSE
164,SURVEYORS AND MAPPING SCIENTISTS,minor,16,11-18,16,164,NA,FALSE
171,COMPUTER SCIENTISTS,minor,17,17-18,17,171,NA,FALSE
172,OPERATIONS AND SYSTEMS RESEARCHERS AND ANALYSTS,minor,17,17-18,17,172,NA,FALSE
173,MATHEMATICAL SCIENTISTS,minor,17,17-18,17,173,NA,FALSE
184,PHYSICAL SCIENTISTS,minor,18,17-18,18,184,NA,FALSE
185,LIFE SCIENTISTS,minor,18,17-18,18,185,NA,FALSE
191,SOCIAL SCIENTISTS,minor,19,19-21,19,191,NA,FALSE
192,URBAN AND REGIONAL PLANNERS,minor,19,19-21,19,192,NA,TRUE
203,SOCIAL AND  RECREATION WORKERS,minor,20,19-21,20,203,NA,FALSE
204,RELIGIOUS WORKERS,minor,20,19-21,20,204,NA,FALSE
211,LAWYERS,minor,21,19-21,21,211,NA,TRUE
212,JUDGES,minor,21,19-21,21,212,NA,TRUE
231,PREKINDERGARTEN AND KINDERGARTEN TEACHERS,minor,23,22-25,23,231,NA,TRUE
232,ELEMENTARY SCHOOL TEACHERS,minor,23,22-25,23,232,NA,TRUE
233,SECONDARY SCHOOL TEACHERS,minor,23,22-25,23,233,NA,TRUE
235,TEACHERS; SPECIAL EDUCATION,minor,23,22-25,23,235,NA,TRUE
236,INSTRUCTIONAL COORDINATORS,minor,23,22-25,23,236,NA,TRUE
239,"ADULT EDUCATION AND OTHER TEACHERS, NEC",minor,23,22-25,23,239,NA,TRUE
251,LIBRARIANS,minor,25,22-25,25,251,NA,TRUE
252,ARCHIVISTS AND CURATORS,minor,25,22-25,25,252,NA,TRUE
261,PHYSICIANS,minor,26,26-28,26,261,NA,TRUE
262,DENTISTS,minor,26,26-28,26,262,NA,TRUE
281,OPTOMETRISTS,minor,28,26-28,28,281,NA,TRUE
283,PODIATRISTS,minor,28,26-28,28,283,NA,TRUE
289,"HEALTH DIAGNOSING AND TREATING PRACTITIONERS, NEC",minor,28,26-28,28,289,NA,TRUE
301,PHARMACISTS,minor,30,29-30,30,301,NA,TRUE
302,DIETITIANS,minor,30,29-30,30,302,NA,TRUE
303,THERAPISTS,minor,30,29-30,30,303,NA,FALSE
304,PHYSICIAN'S ASSISTANTS,minor,30,29-30,30,304,NA,TRUE
321,AUTHORS,minor,32,32-34,32,321,NA,TRUE
322,DESIGNERS,minor,32,32-34,32,322,NA,TRUE
323,MUSICIANS AND COMPOSERS,minor,32,32-34,32,323,NA,TRUE
324,ACTORS AND DIRECTORS,minor,32,32-34,32,324,NA,TRUE
325,"PAINTERS, SCULPTORS, CRAFT-ARTISTS AND ARTIST-PRINTMAKE",minor,32,32-34,32,325,NA,TRUE
326,PHOTOGRAPHERS,minor,32,32-34,32,326,NA,TRUE
327,DANCERS,minor,32,32-34,32,327,NA,TRUE
328,"PERFORMERS, NEC",minor,32,32-34,32,328,NA,TRUE
329,"WRITERS, ARTISTS, AND RELATED WORKERS; NEC",minor,32,32-34,32,329,NA,TRUE
331,EDITORS AND REPORTERS,minor,33,32-34,33,331,NA,FALSE
332,PUBLIC RELATIONS SPECIALISTS AND PUBLICITY WRITERS,minor,33,32-34,33,332,NA,TRUE
333,"RADIO, TELEVISION AND OTHER ANNOUNCERS",minor,33,32-34,33,333,NA,TRUE
362,CLINICAL LABORATORY TECHNOLOGISTS AND TECHNICIANS,minor,36,36-36,36,362,NA,TRUE
363,DENTAL HYGIENISTS,minor,36,36-36,36,363,NA,TRUE
364,HEALTH RECORD TECHNOLOGISTS AND TECHNICIANS,minor,36,36-36,36,364,NA,TRUE
365,RADIOLOGIC TECHNOLOGISTS AND TECHNICIANS,minor,36,36-36,36,365,NA,TRUE
366,LICENSED PRACTICAL NURSES,minor,36,36-36,36,366,NA,TRUE
369,"HEALTH TECHNOLOGISTS AND TECHNICIANS, NEC",minor,36,36-36,36,369,NA,TRUE
371,ENGINEERING TECHNOLOGISTS AND TECHNICIANS,minor,37,37-39,37,371,NA,FALSE
372,DRAFTING OCCUPATIONS,minor,37,37-39,37,372,NA,TRUE
373,SURVEYING AND MAPPING TECHNICIANS,minor,37,37-39,37,373,NA,FALSE
382,"BIOLOGICAL TECHNOLOGISTS AND TECHNICIANS, EXCEPT HEALTH",minor,38,37-39,38,382,NA,TRUE
383,CHAMICAL AND NUCLEAR TECHNOLOGISTS AND TECHNICIANS,minor,38,37-39,38,383,NA,FALSE
384,MATHEMATICAL TECHNICIANS,minor,38,37-39,38,384,NA,TRUE
389,"SCIENCE TECHNOLOGISTS AND TECHNICIANS, NEC",minor,38,37-39,38,389,NA,TRUE
392,AIR TRAFFIC CONTROLLERS,minor,39,37-39,39,392,NA,TRUE
393,RADIO AND RELATED OPERATORS,minor,39,37-39,39,393,NA,TRUE
396,LEGAL TECHNICIANS,minor,39,37-39,39,396,NA,TRUE
397,PROGRAMMERS,minor,39,37-39,39,397,NA,FALSE
398,TECHNICIAL WRITERS,minor,39,37-39,39,398,NA,TRUE
399,"TECHNICIANS, NEC",minor,39,37-39,39,399,NA,TRUE
401,"SUPERVISORS; SALES OCCUPATIONS, INSURANCE, REAL ESTATE AND BUSINESS SERVICE",minor,40,40-44,40,401,NA,TRUE
402,"SUPERVISIORS; SALES OCCUPATIONS, COMMODITIES EXCEPT RETAIL",minor,40,40-44,40,402,NA,TRUE
403,"SUPERVISORS; SALES OCCUPATIONS, RETAIL",minor,40,40-44,40,403,NA,TRUE
412,"INSURANCE, REAL ESTATE, AND SECURITIES SALES OCCUPATIONS",minor,41,40-44,41,412,NA,FALSE
415,BUSINESS SERVICE SALES OCCUPATIONS,minor,41,40-44,41,415,NA,FALSE
421,SALES ENGINEERS,minor,42,40-44,42,421,NA,TRUE
423,TECHNICAL SALES WORKERS AND SERVICE ADVISORS,minor,42,40-44,42,423,NA,FALSE
424,SALES REPRESENTATIVES,minor,42,40-44,42,424,NA,FALSE
434-5,"SALESPERSONS, COMMODITIES",minor,43,40-44,43,434-5,NA,FALSE
436,SALES OCCUPATIONS; OTHER,minor,43,40-44,43,436,NA,FALSE
444,APPRAISERS AND RELATED OCCUPATIONS,minor,44,40-44,44,444,NA,TRUE
445,"DEMONSTRATORS, PROMOTERS, AND MODELS",minor,44,40-44,44,445,NA,TRUE
446,SHOPPERS,minor,44,40-44,44,446,NA,TRUE
447,AUCTIONEERS,minor,44,40-44,44,447,NA,TRUE
449,"SALES OCCUPATIONS; OTHER, NEC",minor,44,40-44,44,449,NA,TRUE
461,COMPUTER AND PERIPHERAL EQUIPMENT OPERATORS,minor,46-47,45-47,46-47,461,NA,FALSE
462,"SECRETARIES, STENOGRAPHERS AND TYPISTS",minor,46-47,45-47,46-47,462,NA,FALSE
463,GENERAL OFFICE OCCUPATIONS,minor,46-47,45-47,46-47,463,NA,TRUE
464,INFORMATION CLERKS,minor,46-47,45-47,46-47,464,NA,FALSE
466,CORRESPONDENCE CLERKS AND ORDER CLERKS,minor,46-47,45-47,46-47,466,NA,FALSE
469,RECORD CLERKS,minor,46-47,45-47,46-47,469,NA,FALSE
471,FINANCIAL RECORD PROCESSING OCCUPATIONS,minor,46-47,45-47,46-47,471,NA,FALSE
472,"DUPLICATING, MAIL AND OTHER OFFICE MACHINE OPERATORS",minor,46-47,45-47,46-47,472,NA,FALSE
473,COMMUNICATIONS EQUIPMENT OPERATORS,minor,46-47,45-47,46-47,473,NA,FALSE
474,MAIL AND MESSAGE DISTRIBUTING OCCUPATIONS,minor,46-47,45-47,46-47,474,NA,FALSE
475,"MATERIAL RECORDING, SCHEDULING, AND DISTRIBUTING CLERKS",minor,46-47,45-47,46-47,475,NA,FALSE
478,"ADJUSTERS, INVESTIGATORS, AND COLLECTORS",minor,46-47,45-47,46-47,478,NA,FALSE
479,"MISCELLANEOUS ADMINISTRATIVE SUPPORT OCCUPATIONS, INCLUDING CLERICAL",minor,46-47,45-47,46-47,479,NA,FALSE
502,DAY WORKERS,minor,50,50-52,50,502,NA,TRUE
503,LAUNDERERS AND IRONERS,minor,50,50-52,50,503,NA,TRUE
504,"COOKS, PRIVATE HOUSEHOLD",minor,50,50-52,50,504,NA,TRUE
505,HOUSEKEEPERS AND BUTLERS,minor,50,50-52,50,505,NA,TRUE
506,"CHILD CARE WORKERS, PRIVATE HOUSEHOLD",minor,50,50-52,50,506,NA,TRUE
507,PRIVATE HOUSEHOLD CLEANERS AND SERVANTS,minor,50,50-52,50,507,NA,TRUE
509,"PRIVATE HOUSEHOLD OCCUPATIONS, NEC",minor,50,50-52,50,509,NA,TRUE
511,"SUPERVISORS; SERVICE OCCUPATIONS, PROTECTIVE",minor,51,50-52,51,511,NA,FALSE
512,FIREFIGHTING AND FIRE PREVENTION OCCUPATIONS,minor,51,50-52,51,512,NA,FALSE
513,POLICE AND DETECTIVES,minor,51,50-52,51,513,NA,FALSE
514,GUARDS,minor,51,50-52,51,514,NA,FALSE
521,FOOD AND BEVERAGE PREPARATION AND SERVICE OCCUPATIONS,minor,52,50-52,52,521,NA,FALSE
523,HEALTH SERVICE OCCUPATIONS,minor,52,50-52,52,523,NA,FALSE
524,"CLEANING AND BUILDING SERVICE OCCUPATIONS, EXCEPT PRIVATE HOUSEHOLDS",minor,52,50-52,52,524,NA,FALSE
525-6,PERSONAL SERVICE OCCUPATIONS,minor,52,50-52,52,525-6,NA,FALSE
551,FARMERS (WORKING PROPRIETORS),minor,55,55-58,55,551,NA,FALSE
552,FARM MANAGERS,minor,55,55-58,55,552,NA,FALSE
561,"FARM OCCUPATIONS, EXCEPT MANAGERIAL",minor,56,55-58,56,561,NA,FALSE
562,RELATED AGRICULTURAL OCCUPATIONS,minor,56,55-58,56,562,NA,FALSE
571,SUPERVISORS; FORESTRY AND LOGGING WORKERS,minor,57,55-58,57,571,NA,TRUE
572,"FORESTRY WORKERS, EXCEPT LOGGING",minor,57,55-58,57,572,NA,TRUE
573,TIMBER CUTTING AND RELATED OCCUPATIONS,minor,57,55-58,57,573,NA,TRUE
579,"LOGGING OCCUPATIONS, NEC",minor,57,55-58,57,579,NA,TRUE
583,FISHERS,minor,58,55-58,58,583,NA,TRUE
584,HUNTERS AND TRAPPERS,minor,58,55-58,58,584,NA,TRUE
611,VEHICLE AND MOBILE EQUIPMENT MECHANICS AND REPAIRERS,minor,61,60-61,61,611,NA,FALSE
613,INDUSTRIAL MACHINERY REPAIRERS*,minor,61,60-61,61,613,NA,TRUE
614,MACHINERY MAINTENANCE OCCUPATIONS,minor,61,60-61,61,614,NA,TRUE
615,ELECTRICAL AND ELECTRONIC EQUIPMENT REPAIRERS,minor,61,60-61,61,615,NA,FALSE
616,"HEATING, AIR-CONDITIONING, AND REFRIGERATION MECHANICS",minor,61,60-61,61,616,NA,TRUE
617,MISCELLANEOUS MECHANICS AND REPAIRERS,minor,61,60-61,61,617,NA,FALSE
631,SUPERVISORS; CONSTRUCTION,minor,63,63-65,63,631,NA,FALSE
632,SUPERVISORS; EXTRACTIVE OCCUPATIONS,minor,63,63-65,63,632,NA,TRUE
641,"BRICKMASONS, STONEMASONS, AND HARD TILE SETTERS",minor,64,63-65,64,641,NA,FALSE
642,CARPENTERS AND RELATED WORKERS,minor,64,63-65,64,642,NA,FALSE
643,ELECTRICIANS AND POWER TRANSMISSION INSTALLERS,minor,64,63-65,64,643,NA,FALSE
644,"PAINTERS, PAPERHANGERS, AND PLASTERERS",minor,64,63-65,64,644,NA,FALSE
645,"PLUMBERS, PIPEFITTERS AND STEAMFITTERS",minor,64,63-65,64,645,NA,TRUE
646-7,OTHER CONSTRUCTION TRADES,minor,64,63-65,64,646-7,NA,FALSE
652,"DRILLERS, OIL WELL",minor,65,63-65,65,652,NA,TRUE
653,EXPLOSIVE WORKERS,minor,65,63-65,65,653,NA,TRUE
654,MINING MACHINE OPERATORS,minor,65,63-65,65,654,NA,TRUE
656,"EXTRACTIVE OCCUPATIONS, NEC",minor,65,63-65,65,656,NA,TRUE
681-2,PRECISION METAL WORKERS,minor,68,67-69,68,681-2,NA,FALSE
683,PRECISION WOODWORKERS,minor,68,67-69,68,683,NA,FALSE
684,PRECISION PRINTING OCCUPATIONS,minor,68,67-69,68,684,NA,FALSE
685,"PRECISION TEXTILE, APPAREL AND FURNISHINGS WORKERS",minor,68,67-69,68,685,NA,FALSE
686,PRECISION WORKERS; ASSORTED MATERIALS,minor,68,67-69,68,686,NA,FALSE
687,PRECISION FOOD PRODUCTION OCCUPATIONS,minor,68,67-69,68,687,NA,FALSE
688,"PRECISION INSPECTORS, TESTERS, AND RELATED WORKERS",minor,68,67-69,68,688,NA,FALSE
691,WATER AND SEWAGE TREATMENT PLANT OPERATORS,minor,69,67-69,69,691,NA,TRUE
692,GAS PLANT OPERATORS,minor,69,67-69,69,692,NA,TRUE
693,POWER PLANT OPERATORS,minor,69,67-69,69,693,NA,FALSE
694,CHEMICAL PLANT OPERATORS,minor,69,67-69,69,694,NA,TRUE
695,PETROLEUM PLANT OPERATORS,minor,69,67-69,69,695,NA,TRUE
696,MISCELLANEOUS PLANT OR SYSTEM OPERATORS,minor,69,67-69,69,696,NA,TRUE
731-2,METAL WORKING AND PLASTIC WORKING MACHINE SETUP OPERATORS,minor,73-74,71-78,73-74,731-2,NA,FALSE
733,METAL FABRICATING MACHINE SETUP OPERATORS,minor,73-74,71-78,73-74,733,NA,FALSE
734,METAL AND PLASTIC PROCESSING MACHINE SETUP OPERATORS,minor,73-74,71-78,73-74,734,NA,FALSE
743,WOODWORKING MACHINE SETUP OPERATORS,minor,73-74,71-78,73-74,743,NA,FALSE
744,PRINTING MACHINE SETUP OPERATORS,minor,73-74,71-78,73-74,744,NA,FALSE
745,TEXTILE MACHINE SETUP OPERATORS,minor,73-74,71-78,73-74,745,NA,FALSE
746-7,ASSORTED MATERIALS: MACHINE SETUP OPERATORS,minor,73-74,71-78,73-74,746-7,NA,FALSE
751-2,METALWORKING AND PLASTIC WORKING MACHINE OPERATORS AND TENDERS,minor,75-76,71-78,75-76,751-2,NA,FALSE
753,METAL FABRICATING MACHINE OPERATORS AND TENDERS,minor,75-76,71-78,75-76,753,NA,FALSE
754,METAL AND PLASTIC PROCESSING MACHINE OEPRATORS AND TENDERS,minor,75-76,71-78,75-76,754,NA,FALSE
763,WOODWORKING MACHINE OPERATORS AND TENDERS,minor,75-76,71-78,75-76,763,NA,FALSE
764,PRINTING MACHINE OPERATORS AND TENDERS,minor,75-76,71-78,75-76,764,NA,FALSE
765,"TEXTILE, APPAREL AND FURNISHINGS MACHINE OPERATORS AND TENDERS",minor,75-76,71-78,75-76,765,NA,FALSE
766-7,MACHINE OPERATORS AND TENDERS; ASSORTED MATERIALS,minor,75-76,71-78,75-76,766-7,NA,FALSE
771,WELDERS AND SOLDERERS,minor,77,71-78,77,771,NA,FALSE
772,ASSEMBLERS,minor,77,71-78,77,772,NA,TRUE
774,"FABRICATORS, NEC",minor,77,71-78,77,774,NA,TRUE
775,HAND WORKING OCCUPATIONS,minor,77,71-78,77,775,NA,FALSE
782,"PRODUCTION INSPECTORS, CHECKERS AND EXAMINERS",minor,78,71-78,78,782,NA,TRUE
783,PRODUCTION TESTERS,minor,78,71-78,78,783,NA,TRUE
784,PRODUCTION SAMPLERS AND WEIGHERS,minor,78,71-78,78,784,NA,TRUE
785,"GRADERS AND SORTERS, EXCEPT AGRICULTURAL",minor,78,71-78,78,785,NA,TRUE
787,PRODUCTION EXPEDITERS,minor,78,71-78,78,787,NA,TRUE
811,SUPERVISORS; MOTORIZED EQUIPMENT OPERATORS,minor,81,81-83,81,811,NA,FALSE
812,SUPERVISORS; MATERIAL MOVING EQUIPMENT OPERATORS,minor,81,81-83,81,812,NA,TRUE
821,MOTOR VEHICLE OPERATORS,minor,82,81-83,82,821,NA,FALSE
823,RAIL TRANSPORTATION OCCUPATIONS,minor,82,81-83,82,823,NA,FALSE
824,WATER TRANSPORTAION OCCUPATIONS,minor,82,81-83,82,824,NA,FALSE
825,AIRPLANE PILOTS AND NAVIGATORS,minor,82,81-83,82,825,NA,TRUE
828,TRANSPORTATION INSPECTORS,minor,82,81-83,82,828,NA,TRUE
831,MATERIAL MOVING EQUIPMENT OPERATORS,minor,83,81-83,83,831,NA,FALSE
861,HELPERS; MACHINE OPERATORS AND TENDERS,minor,86,85-87,86,861,NA,FALSE
862,HELPERS; FABRICATORS AND INSPECTORS,minor,86,85-87,86,862,NA,TRUE
863,HELPERS; MECHANICS AND REPAIRERS,minor,86,85-87,86,863,NA,FALSE
864,HELPERS; CONSTRUCTION TRADES,minor,86,85-87,86,864,NA,FALSE
865,HELPERS;EXTRACTIVE OCCUPATIONS,minor,86,85-87,86,865,NA,TRUE
871,CONSTRUCTION LABORERS,minor,87,85-87,87,871,NA,TRUE
872,"FREIGHT, STOCK, AND MATERIAL MOVERS; HAND",minor,87,85-87,87,872,NA,FALSE
873,GARAGE AND SERVICE STATION RELATED OCCUPATIONS,minor,87,85-87,87,873,NA,TRUE
874,PARKING LOT ATTENDANTS,minor,87,85-87,87,874,NA,TRUE
875,VEHICLE WASHERS AND EQUIPMENT CLEANERS,minor,87,85-87,87,875,NA,TRUE
876,MISCELLANEOUS MANUAL OCCUPATIONS,minor,87,85-87,87,876,NA,FALSE
991,"MISC. OCCUPATIONS, PAID",minor,99,99-99,99,991,NA,FALSE
995,"MISC. OCCUPATIONS, UNPAID",minor,99,99-99,99,995,NA,FALSE
951,RETIRED,minor,99-99,99-99,NA,951,NA,TRUE
952,DISABLED,minor,99-99,99-99,NA,952,NA,TRUE
953,ON WELFARE,minor,99-99,99-99,NA,953,NA,TRUE
959,"UNEMPLOYED, NEC",minor,99-99,99-99,NA,959,NA,TRUE
1131,"JUDICIAL, PUBLIC SAFETY AND CORRECTIONS ADMINISTRATORS",unit,113,11-18,11,113,1131,TRUE
1132,HUMAN RESOURCES PROGRAM ADMINISTRATORS,unit,113,11-18,11,113,1132,TRUE
1133,NATURAL RESOURCES PROGRAM ADMINSITRATORS,unit,113,11-18,11,113,1133,TRUE
1134,"RURAL, URBAN, AND COMMUNITY DEVELOPMENT PROGRAM ADMINISTRATORS",unit,113,11-18,11,113,1134,TRUE
1135,"PUBLIC FINANCE, TAXATION, AND OTHER MONETARY PROGRAM ADMINSITRATORS",unit,113,11-18,11,113,1135,TRUE
1139,"OFFICIALS AND ADMINISTRATORS, PUBLIC ADMINISTRATION, NEC",unit,113,11-18,11,113,1139,TRUE
1281,ADMINISTRATORS; COLLEGES AND UNIVERSITIES,unit,128,11-18,12-13,128,1281,TRUE
1282,ADMINISTRATORS; ELEMENTARY AND SECONDARY EDUCATION,unit,128,11-18,12-13,128,1282,TRUE
1283,"ADMINISTRATORS; EDUCATION AND RELATED FIELDS, NEC",unit,128,11-18,12-13,128,1283,TRUE
1341,COMMUNICATIONS OPERATIONS MANAGERS,unit,134,11-18,12-13,134,1341,TRUE
1342,TRANSPORTATION FACILITIES AND OPERATIONS MANAGERS,unit,134,11-18,12-13,134,1342,TRUE
1343,"ELECTRICITY, GAS, WATER SUPPLY, AND SANTIARY SERVICES MANAGERS",unit,134,11-18,12-13,134,1343,TRUE
1344,POSTMASTERS AND MAIL SUPERINTENDENTS,unit,134,11-18,12-13,134,1344,TRUE
1351,MANAGERS; FOOD SERVING AND LODGING ESTABLISHMENTS,unit,135,11-18,12-13,135,1351,TRUE
1352,MANAGERS; ENTERTAINMENT AND RECREATION FACILITIES,unit,135,11-18,12-13,135,1352,TRUE
1353,MANAGERS; PROPERTY AND LEASING,unit,135,11-18,12-13,135,1353,TRUE
1354,MANAGERS; MEMBERSHIP ORGANIZATIONS,unit,135,11-18,12-13,135,1354,TRUE
1359,"MANAGERS; SERVICE ORGANIZATIONS, NEC",unit,135,11-18,12-13,135,1359,TRUE
1412,ACCOUNTANTS AND AUDITORS,unit,141,11-18,14,141,1412,TRUE
1414,UNDERWRITERS,unit,141,11-18,14,141,1414,TRUE
1415,LOAN OFFICIERS,unit,141,11-18,14,141,1415,TRUE
1419,OTHER FINANCIAL OFFICERS,unit,141,11-18,14,141,1419,TRUE
1442,"BUYERS, WHOLESALE AND RETAIL TRADE, EXCEPT FARM PRODUCTS",unit,144,11-18,14,144,1442,TRUE
1443,"PURCHASING AGENTS AND BUYERS, FARM PRODUCTS",unit,144,11-18,14,144,1443,TRUE
1449,"PURCHASING AGENTS AND BUYERS, NEC",unit,144,11-18,14,144,1449,TRUE
1472,CONSTRUCTION INSPECTORS,unit,147,11-18,14,147,1472,TRUE
1473,"INSPECTORS AND COMPLIANCE OFFICERS, EXCEPT CONSTRUCTION",unit,147,11-18,14,147,1473,TRUE
1622,AEROSPACE ENGINEERS,unit,162-3,11-18,16,162-3,1622,TRUE
1623,METALLURGICAL AND MATERIALS ENGINEERS,unit,162-3,11-18,16,162-3,1623,TRUE
1624,MINING ENGINEERS,unit,162-3,11-18,16,162-3,1624,TRUE
1625,PETROLEUM ENGINEERS,unit,162-3,11-18,16,162-3,1625,TRUE
1626,CHEMICAL ENGINEERS,unit,162-3,11-18,16,162-3,1626,TRUE
1627,NUCLEAR ENGINEERS,unit,162-3,11-18,16,162-3,1627,TRUE
1628,CIVIL ENGINEERS,unit,162-3,11-18,16,162-3,1628,TRUE
1632,AGRICULTURAL ENGINEERS,unit,162-3,11-18,16,162-3,1632,TRUE
1633,ELECTRICAL AND ELECTRONIC ENGINEERS,unit,162-3,11-18,16,162-3,1633,TRUE
1634,INDUSTRIAL ENGINEERS,unit,162-3,11-18,16,162-3,1634,TRUE
1635,MECHANICAL ENGINEERS,unit,162-3,11-18,16,162-3,1635,TRUE
1636,COMPUTER ENGINEERS,unit,162-3,11-18,16,162-3,1636,TRUE
1637,MARINE ENGINEERS AND NAVAL ARCHITECTS,unit,162-3,11-18,16,162-3,1637,TRUE
1639,"ENGINEERS, NEC",unit,162-3,11-18,16,162-3,1639,TRUE
1643,LAND SURVEYORS,unit,164,11-18,16,164,1643,TRUE
1644,CARTOGRAPHERS,unit,164,11-18,16,164,1644,TRUE
1649,"SURVEYORS AND MAPPING SCIENTISTS, NEC",unit,164,11-18,16,164,1649,TRUE
1712,COMPUTER SYSTEMS ANALYSTS,unit,171,17-18,17,171,1712,TRUE
1719,"COMPUTER SCIENTISTS, NEC",unit,171,17-18,17,171,1719,TRUE
1721,OPERATIONS RESEARCHERS AND ANLYSTS,unit,172,17-18,17,172,1721,TRUE
1722,"SYSTEMS RESEARCHERS AND ANALYSTS, EXCEPT COMPUTER",unit,172,17-18,17,172,1722,TRUE
1732,ACTUARIES,unit,173,17-18,17,173,1732,TRUE
1733,STATISTICIANS,unit,173,17-18,17,173,1733,TRUE
1739,"MATHEMATICAL SCIENTISTS, NEC",unit,173,17-18,17,173,1739,TRUE
1842,ASTRONOMERS,unit,184,17-18,18,184,1842,TRUE
1843,PHYSICISTS,unit,184,17-18,18,184,1843,TRUE
1845,"CHEMISTS, EXCEPT BIOCHEMISTS",unit,184,17-18,18,184,1845,TRUE
1846,ATMOSPHERIC AND SPACE SCIENTISTS,unit,184,17-18,18,184,1846,TRUE
1847,GEOLOGISTS,unit,184,17-18,18,184,1847,TRUE
1849,"PHYSICAL SCIENTISTS, NEC",unit,184,17-18,18,184,1849,TRUE
1852,FORESTRY AND CONSERVATION SCIENTISTS,unit,185,17-18,18,185,1852,TRUE
1853,AGRICULTURAL AND FOOD SCIENTISTS,unit,185,17-18,18,185,1853,TRUE
1854,BIOLOGICAL SCIENTISTS,unit,185,17-18,18,185,1854,TRUE
1855,MEDICAL SCIENTISTS,unit,185,17-18,18,185,1855,TRUE
1912,ECONOMISTS,unit,191,19-21,19,191,1912,TRUE
1913,HISTORIANS,unit,191,19-21,19,191,1913,TRUE
1914,POLITICAL SCIENTISTS,unit,191,19-21,19,191,1914,TRUE
1915,PSYCHOLOGISTS,unit,191,19-21,19,191,1915,TRUE
1916,SOCIOLOGISTS,unit,191,19-21,19,191,1916,TRUE
1919,"SOCIAL SCIENTISTS, NEC",unit,191,19-21,19,191,1919,TRUE
2032,SOCIAL WORKERS,unit,203,19-21,20,203,2032,TRUE
2033,RECREATION WORKERS,unit,203,19-21,20,203,2033,TRUE
2042,CLERGY,unit,204,19-21,20,204,2042,TRUE
2049,RELIGIOUS WORKERS NEC,unit,204,19-21,20,204,2049,TRUE
3031,RESPIRATORY THERAPISTS,unit,303,29-30,30,303,3031,TRUE
3032,OCCUPATIONAL THERAPISTS,unit,303,29-30,30,303,3032,TRUE
3033,PHYSICAL THERAPISTS,unit,303,29-30,30,303,3033,TRUE
3034,SPEECH PATHOLOGISTS AND AUDIOLOGISTS,unit,303,29-30,30,303,3034,TRUE
3039,"THERAPISTS, NEC",unit,303,29-30,30,303,3039,TRUE
3312,EDITORS,unit,331,32-34,33,331,3312,TRUE
3313,REPORTERS,unit,331,32-34,33,331,3313,TRUE
3711,ELECTRICAL AND ELECTRONIC ENGINEERING TECHNOLOGISTS AND TECHNICIANS,unit,371,37-39,37,371,3711,TRUE
3712,INDUSTRIAL ENGINEERING TECHNOLOGISTS AND TECHNICIANS,unit,371,37-39,37,371,3712,TRUE
3713,MECHANICAL ENGINERING TECHNOLOGISTS AND TECHNICIANS,unit,371,37-39,37,371,3713,TRUE
3719,"ENGINEERING TECHNOLOGISTS AND TECHNICIANS, NEC",unit,371,37-39,37,371,3719,TRUE
3733,SURVEYING TECHNICIANS,unit,373,37-39,37,373,3733,TRUE
3734,CARTOGRAPHIC TECHNICIANS,unit,373,37-39,37,373,3734,TRUE
3739,"SURVEYING AND MAPPING TECHNICIANS, NEC",unit,373,37-39,37,373,3739,TRUE
3831,CHEMICAL TECHNOLOGISTS AND TECHNICIANS,unit,383,37-39,38,383,3831,TRUE
3832,NUCLEAR TECHNOLOGISTS AND TECHNICIANS,unit,383,37-39,38,383,3832,TRUE
3833,PETROLEUM TECHNOLOGISTS AND TECHNICIANS,unit,383,37-39,38,383,3833,TRUE
3971,"PROGRAMMERS, BUSINESS",unit,397,37-39,39,397,3971,TRUE
3972,"PROGRAMMERS, SCIENTIFIC",unit,397,37-39,39,397,3972,TRUE
3974,"PROGRAMMERS, NUMERICAL, TOOL AND PROCESS CONTROL",unit,397,37-39,39,397,3974,TRUE
4122,INSURANCE SALES OCCUPATIONS,unit,412,40-44,41,412,4122,TRUE
4123,REAL ESTATE SALES OCCUPATIONS,unit,412,40-44,41,412,4123,TRUE
4124,SECURITIES AND FINANICAL SERVICE SALES OCCUPATIONS,unit,412,40-44,41,412,4124,TRUE
4152,"BUSINESS SERVICE, EXCEPT ADVERTISING, SALES OCCUPATIONS",unit,415,40-44,41,415,4152,TRUE
4153,ADVERTISING AND RELATED SALES OCCUPATIONS,unit,415,40-44,41,415,4153,TRUE
4232,"TECHNICAL SALES WORKERS, AIRCRAFT",unit,423,40-44,42,423,4232,TRUE
4233,"TECHNICAL SALES WORKERS, AGRICULTURAL EQUIPMENT AND SUPPLIES",unit,423,40-44,42,423,4233,TRUE
4234,"TECHNICAL SALES WORKERS, ELECTRONIC EQUIPMENT",unit,423,40-44,42,423,4234,TRUE
4235,"TECHNICAL SALES WORKERS, INDUSTRIAL MACHINERY, EQUIPMENT AND SUPPLIES",unit,423,40-44,42,423,4235,TRUE
4236,"TECHNICAL SALES WORKERS, MEDICAL AND DENTAL EQUIPMENT AND SUPPLIES",unit,423,40-44,42,423,4236,TRUE
4237,TECHNICAL SALES WORKERS; CHEMICALS AND CHEMICAL PRODUCT,unit,423,40-44,42,423,4237,TRUE
4239,"TECHNICAL SALES WORKERS, NEC",unit,423,40-44,42,423,4239,TRUE
4242,"SALES REPRESENTATIVES, COMMERCIAL AND INDUSTRIAL EQUIPMENT AND SUPPLIES",unit,424,40-44,42,424,4242,TRUE
4243,"SALES REPRESENTATIVES, GARMENTS AND RELATED TEXTILE PRODUCTS",unit,424,40-44,42,424,4243,TRUE
4244,"SALES REPRESENTATIVES, MOTOR VEHICLES AND SUPPLIES",unit,424,40-44,42,424,4244,TRUE
4245,"SALES REPRESENTATIVES; PULP, PAPER, AND PAPER PRODUCTS",unit,424,40-44,42,424,4245,TRUE
4246,SALES REPRESENTATIVES; FARM PRODUCTS AND LIVESTOCK,unit,424,40-44,42,424,4246,TRUE
4249,SALES REPRESENTATIVES; NEC,unit,424,40-44,42,424,4249,TRUE
4342,"SALESPERSONS; MOTOR VEHICLES, MOBILE HOMES, AND SUPPLIES",unit,434-5,40-44,43,434-5,4342,TRUE
4343,SALESPERSONS; MUSICAL INSTRUMENTS AND SUPPLIES,unit,434-5,40-44,43,434-5,4343,TRUE
4344,SALESPERSONS; BOATS AND MARINE EQUIPMENT AND SUPPLIES,unit,434-5,40-44,43,434-5,4344,TRUE
4345,SALESPERSONS; SPORTING GOODS,unit,434-5,40-44,43,434-5,4345,TRUE
4346,SALESPERSONS; GARMENTS AND TEXTILE PRODUCTS,unit,434-5,40-44,43,434-5,4346,TRUE
4347,"SALESPERSONS; BOOKS, STAMPS, COINS, AND STATIONERY",unit,434-5,40-44,43,434-5,4347,TRUE
4348,SALESPERSONS; FURNITURE AND HOME FURNISHINGS,unit,434-5,40-44,43,434-5,4348,TRUE
4351,SALESPERSONS; SHOES,unit,434-5,40-44,43,434-5,4351,TRUE
4352,"SALESPERSONS; RADIO, TELEVISION, HIGH FIDELITY, AND HOUSEHOLD APPLIANCES",unit,434-5,40-44,43,434-5,4352,TRUE
4353,SALESPERSONS; HARDWARE,unit,434-5,40-44,43,434-5,4353,TRUE
4354,"SALESPERSONS; COSMETICS, TOILETRIES, AND ALLIED PRODUCT",unit,434-5,40-44,43,434-5,4354,TRUE
4356,SALESPERSONS; JEWELRY AND RELATED PRODUCTS,unit,434-5,40-44,43,434-5,4356,TRUE
4359,SALESPERSONS; NEC,unit,434-5,40-44,43,434-5,4359,TRUE
4362,SALES CLERKS,unit,436,40-44,43,436,4362,TRUE
4363,COUNTER CLERKS,unit,436,40-44,43,436,4363,TRUE
4364,CASHIERS,unit,436,40-44,43,436,4364,TRUE
4365,NEWS VENDORS,unit,436,40-44,43,436,4365,TRUE
4366,"STREET VENDORS, DOOR-TO-DOOR SALES WORKERS, AND RELATED",unit,436,40-44,43,436,4366,TRUE
4367,SALESPERSONS; PARTS,unit,436,40-44,43,436,4367,TRUE
4369,"SALES OCCUPATIONS; SERVICES, NEC",unit,436,40-44,43,436,4369,TRUE
4612,COMPUTER OPERATORS,unit,461,45-47,46-47,461,4612,TRUE
4613,PERIPHERAL EQUIPMENT OPERATORS,unit,461,45-47,46-47,461,4613,TRUE
4622,SECRETARIES,unit,462,45-47,46-47,462,4622,TRUE
4623,STENOGRAPHERS,unit,462,45-47,46-47,462,4623,TRUE
4624,TYPISTS,unit,462,45-47,46-47,462,4624,TRUE
4642,INTERVIEWING CLERKS,unit,464,45-47,46-47,464,4642,TRUE
4643,HOTEL CLERKS,unit,464,45-47,46-47,464,4643,TRUE
4644,RESERVATION AGENTS AND TRANSPORTATION TICKET CLERKS,unit,464,45-47,46-47,464,4644,TRUE
4645,RECEPTIONISTS,unit,464,45-47,46-47,464,4645,TRUE
4649,"INFORMATION CLERKS, NEC",unit,464,45-47,46-47,464,4649,TRUE
4662,CLASSIFIED-AD CLERKS,unit,466,45-47,46-47,466,4662,TRUE
4663,CORRESPONDENCE CLERKS,unit,466,45-47,46-47,466,4663,TRUE
4664,ORDER CLERKS,unit,466,45-47,46-47,466,4664,TRUE
4692,"PERSONNEL CLERKS, EXCEPT PAYROLL AND TIMEKEEPING",unit,469,45-47,46-47,469,4692,TRUE
4694,LIBRARY CLERKS,unit,469,45-47,46-47,469,4694,TRUE
4696,FILE CLERKS,unit,469,45-47,46-47,469,4696,TRUE
4699,"RECORDS CLERKS, NEC",unit,469,45-47,46-47,469,4699,TRUE
4712,BOOKKEEPERS AND ACCOUNTING AND AUDITING CLERKS,unit,471,45-47,46-47,471,4712,TRUE
4713,PAYROLL AND TIMEKEEPING CLERKS,unit,471,45-47,46-47,471,4713,TRUE
4715,BILLING CLERKS,unit,471,45-47,46-47,471,4715,TRUE
4716,COST AND RATE CLERKS,unit,471,45-47,46-47,471,4716,TRUE
4718,"BILLING, POSTING, AND CALCULATING MACHINE OPERATORS",unit,471,45-47,46-47,471,4718,TRUE
4722,DUPLICATING MACHINE OPERATORSCE,unit,472,45-47,46-47,472,4722,TRUE
4723,MAIL PREPARING AND HANDLING MACHINE OPERATORS,unit,472,45-47,46-47,472,4723,TRUE
4729,"OFFICE MACHINE OPERATORS, NEC",unit,472,45-47,46-47,472,4729,TRUE
4732,TELEPHONE OPERATORS,unit,473,45-47,46-47,473,4732,TRUE
4733,TELEGRAPHERS,unit,473,45-47,46-47,473,4733,TRUE
4739,"COMMUNICATIONS EQUIPMENT OPERATORS, NEC",unit,473,45-47,46-47,473,4739,TRUE
4742,"POSTAL CLERKS, EXCEPT MAIL CARRIERS",unit,474,45-47,46-47,474,4742,TRUE
4743,"MAIL CARRIERS, POST OFFICE",unit,474,45-47,46-47,474,4743,TRUE
4744,"MAIL CLERKS, EXCEPT POST OFFICE",unit,474,45-47,46-47,474,4744,TRUE
4745,MESSENGERS,unit,474,45-47,46-47,474,4745,TRUE
4751,DISPATCHERS,unit,475,45-47,46-47,475,4751,TRUE
4752,PRODUCTION AND PLANNING CLERKS,unit,475,45-47,46-47,475,4752,TRUE
4753,"TRAFFIC, SHIPPING, AND RECEIVING CLERKS",unit,475,45-47,46-47,475,4753,TRUE
4754,STOCK AND INVENTORY CLERKS,unit,475,45-47,46-47,475,4754,TRUE
4755,METER READERS,unit,475,45-47,46-47,475,4755,TRUE
4756,"WEIGHERS, MEASURERS, AND CHECKERS",unit,475,45-47,46-47,475,4756,TRUE
4757,SAMPLERS,unit,475,45-47,46-47,475,4757,TRUE
4758,EXPEDITERS,unit,475,45-47,46-47,475,4758,TRUE
4759,"MATERIAL RECORDING, SCHEDULING, AND DISTRIBUTING CLERKS, NEC",unit,475,45-47,46-47,475,4759,TRUE
4782,"INSURANCE ADJUSTERS, EXAMINERS, AND INVESTIGATORS",unit,478,45-47,46-47,478,4782,TRUE
4783,"INVESTIGATORS AND ADJUSTERS, EXCEPT INSURANCE",unit,478,45-47,46-47,478,4783,TRUE
4784,"CLERKS, SOCIAL WELFARE",unit,478,45-47,46-47,478,4784,TRUE
4786,BILL AND ACCOUNT COLLECTORS,unit,478,45-47,46-47,478,4786,TRUE
4787,LICENSE CLERKS,unit,478,45-47,46-47,478,4787,TRUE
4791,BANK TELLERS,unit,479,45-47,46-47,479,4791,TRUE
4792,PROOF READERS,unit,479,45-47,46-47,479,4792,TRUE
4793,DATA ENTRY KEYERS,unit,479,45-47,46-47,479,4793,TRUE
4794,STATISTICAL CLERKS,unit,479,45-47,46-47,479,4794,TRUE
4795,TEACHERS AIDES,unit,479,45-47,46-47,479,4795,TRUE
4799,"ADMINISTRATIVE SUPPORT OCCUPATIONS, INCLUDING CLERICAL, NEC",unit,479,45-47,46-47,479,4799,TRUE
5111,SUPERVISORS; FIREFIGHTING AND FIRE PREVENTION OCCUPATIO,unit,511,50-52,51,511,5111,TRUE
5112,SUPERVISORS; POLICE AND DETECTIVES,unit,511,50-52,51,511,5112,TRUE
5113,SUPERVISORS GUARDS,unit,511,50-52,51,511,5113,TRUE
5122,FIRE INSPECTION AND FIRE PREVENTION OCCUPATIONS,unit,512,50-52,51,512,5122,TRUE
5123,FIREFIGHTING OCCUPATIONS,unit,512,50-52,51,512,5123,TRUE
5132,"POLICE AND DETECTIVES, PUBLIC SERVICE",unit,513,50-52,51,513,5132,TRUE
5133,CORRECTIONAL INSTITUTION OFFICERS,unit,513,50-52,51,513,5133,TRUE
5134,"SHERIFFS, BAILIFFS, AND OTHER LAW ENFORCEMENT OFFICERS",unit,513,50-52,51,513,5134,TRUE
5142,CROSSING GUARDS,unit,514,50-52,51,514,5142,TRUE
5144,"GUARDS AND POLICE, EXCEPT PUBLIC SERVICE",unit,514,50-52,51,514,5144,TRUE
5149,"PROTECTIVE SERVICE OCCUPATIONS, NEC",unit,514,50-52,51,514,5149,TRUE
5211,SUPERVISORS; FOOD AND BEVERAGE PREPARATION AND SERVICE OCCUPATIONS,unit,521,50-52,52,521,5211,TRUE
5212,BARTENDERS,unit,521,50-52,52,521,5212,TRUE
5213,WAITERS AND WAITRESSES,unit,521,50-52,52,521,5213,TRUE
5214,"COOKS, EXCEPT SHORT ORDER",unit,521,50-52,52,521,5214,TRUE
5215,SHORT-ORDER COOKS,unit,521,50-52,52,521,5215,TRUE
5216,"FOOD COUNTER, FOUNTAIN AND RELATED OCCUPATIONS",unit,521,50-52,52,521,5216,TRUE
5217,"KITCHEN WORKERS, FOOD PREPARATION",unit,521,50-52,52,521,5217,TRUE
5218,WATERS'/WAITRESSES' ASSISTANTS,unit,521,50-52,52,521,5218,TRUE
5219,MISCELLANEOUS FOOD AND BEVERAGE PREPARATION OCCUPATIONS,unit,521,50-52,52,521,5219,TRUE
5232,DENTAL ASSISTANTS,unit,523,50-52,52,523,5232,TRUE
5233,"HEALTH AIDES, EXCEPT NURSING",unit,523,50-52,52,523,5233,TRUE
5236,"NURSING AIDES, ORDERLIES, AND ATTENDANTS",unit,523,50-52,52,523,5236,TRUE
5241,SUPERVISORS;CLEANING AND BUILDING SERVICE WORKERS,unit,524,50-52,52,524,5241,TRUE
5242,MAIDS AND HOUSEMEN,unit,524,50-52,52,524,5242,TRUE
5244,JANITORS AND CLEANERS,unit,524,50-52,52,524,5244,TRUE
5245,ELEVATOR OPERATORS,unit,524,50-52,52,524,5245,TRUE
5246,PEST CONTROL OCCUPATIONS,unit,524,50-52,52,524,5246,TRUE
5249,"CLEANING AND BUILDING SERVICE OCCUPATIONS, NEC",unit,524,50-52,52,524,5249,TRUE
5251,SUPERVISORS; PERSONAL SERVICE OCCUPATIONS,unit,525-6,50-52,52,525-6,5251,TRUE
5252,BARBERS,unit,525-6,50-52,52,525-6,5252,TRUE
5253,HAIRDRESSERS AND COSMETOLOGISTS,unit,525-6,50-52,52,525-6,5253,TRUE
5254,"ATTENDANTS, AMUSEMENT AND RECREATION FACILITIES",unit,525-6,50-52,52,525-6,5254,TRUE
5255,GUIDES,unit,525-6,50-52,52,525-6,5255,TRUE
5256,USHERS,unit,525-6,50-52,52,525-6,5256,TRUE
5257,PUBLIC TRANSPORTATION ATTENDANTS,unit,525-6,50-52,52,525-6,5257,TRUE
5258,WARDROBE AND DRESSING ROOM ATTENDANTS,unit,525-6,50-52,52,525-6,5258,TRUE
5262,BAGGAGE PORTERS AND BELLHOPS,unit,525-6,50-52,52,525-6,5262,TRUE
5263,WELFARE SERVICE AIDES,unit,525-6,50-52,52,525-6,5263,TRUE
5264,"CHILD CARE WORKERS, EXCEPT PRIVATE HOUSEHOLD",unit,525-6,50-52,52,525-6,5264,TRUE
5269,"PERSONAL SERVICE OCCUPATIONS, NEC",unit,525-6,50-52,52,525-6,5269,TRUE
5512,GENERAL FARMERS,unit,551,55-58,55,551,5512,TRUE
5513,"CROP, VEGETABLE, FRUIT AND TREE NUT FARMERS",unit,551,55-58,55,551,5513,TRUE
5514,"LIVESTOCK, DAIRY AND POULTRY FARMERS",unit,551,55-58,55,551,5514,TRUE
5515,HORTICULTURAL SPECIALTY FARMERS,unit,551,55-58,55,551,5515,TRUE
5522,"MANAGERS, GENERAL FARMS",unit,552,55-58,55,552,5522,TRUE
5523,"MANAGERS, CROP, VEGETABLE, FRUIT AND TREE NUT FARM",unit,552,55-58,55,552,5523,TRUE
5524,"MANAGERS, LIVESTOCK, DAIRY AND POULTRY FARM",unit,552,55-58,55,552,5524,TRUE
5525,"MANAGERS, HORTICULTURAL SPECIALTY FARM",unit,552,55-58,55,552,5525,TRUE
5611,SUPERVISORS; FARM WORKERS,unit,561,55-58,56,561,5611,TRUE
5612,GENERAL FARM WORKERS,unit,561,55-58,56,561,5612,TRUE
5613,FIELD CROP AND VEGETABLE FARM WORKERS (HAND),unit,561,55-58,56,561,5613,TRUE
5614,ORCHARD AND VINEYARD AND RELATED WORKERS (HAND),unit,561,55-58,56,561,5614,TRUE
5615,IRRIGATION WORKERS,unit,561,55-58,56,561,5615,TRUE
5616,FARM MACHINERY OPERATORS,unit,561,55-58,56,561,5616,TRUE
5617,LIVESTOCK WORKERS,unit,561,55-58,56,561,5617,TRUE
5618,MARINE LIFE CULTIVATION WORKERS,unit,561,55-58,56,561,5618,TRUE
5619,NURSERY WORKERS,unit,561,55-58,56,561,5619,TRUE
5621,SUPERVISORS; RELATED AGRICULTURAL WORKERS,unit,562,55-58,56,562,5621,TRUE
5622,"GROUNDSKEEPERS AND GARDENERS, EXCEPT FARM",unit,562,55-58,56,562,5622,TRUE
5624,"ANIMAL CARETAKERS, EXCEPT FARM",unit,562,55-58,56,562,5624,TRUE
5625,GRADERS AND SORTERS; AGRICULTURAL PRODUCTS,unit,562,55-58,56,562,5625,TRUE
5627,INSPECTORS; AGRICULTURAL PRODUCTS,unit,562,55-58,56,562,5627,TRUE
6111,AUTOMOBILE MECHANICS,unit,611,60-61,61,611,6111,TRUE
6112,"BUS AND TRUCK ENGINE, AND STATIONARY DIESEL ENGINE MECHANICS",unit,611,60-61,61,611,6112,TRUE
6113,AIRCRAFT ENGINE MECHANICS,unit,611,60-61,61,611,6113,TRUE
6114,SMALL ENGINE REPAIRERS,unit,611,60-61,61,611,6114,TRUE
6115,AUTOMOBILE BODY AND RELATED REPAIRERS,unit,611,60-61,61,611,6115,TRUE
6116,AIRCRAFT MECANICS (EXCEPT ENGINE SPECIALISTS),unit,611,60-61,61,611,6116,TRUE
6117,HEAVY EQUIPMENT MECHANICS,unit,611,60-61,61,611,6117,TRUE
6118,FARM EQUIPMENT MECHANICS,unit,611,60-61,61,611,6118,TRUE
6151,COMMUNICATIONS EQUIPMENT REPAIRERS,unit,615,60-61,61,615,6151,TRUE
6152,"ELECTRIC MOTOR,TRANSFORMER,AND RELATED REPAIRERS",unit,615,60-61,61,615,6152,TRUE
6153,"ELECTRICAL AND ELECTRONIC REPAIRERS, COMERCIAL AND INDUSTRIAL EQUIPMENT",unit,615,60-61,61,615,6153,TRUE
6154,DATA PROCESSING EQUIPMENT REPAIRERS,unit,615,60-61,61,615,6154,TRUE
6155,"ELECTRONIC REPAIRERS, HOME-ENTERTAINMENT EQUIPMENT",unit,615,60-61,61,615,6155,TRUE
6156,HOUSEHOLD APPLIANCE AND POWER TOOL REPAIRERS,unit,615,60-61,61,615,6156,TRUE
6157,TELEPHONE LINE INSTALLERS AND REPAIRERS,unit,615,60-61,61,615,6157,TRUE
6158,TELEPHONE INSTALLERS AND REPAIRERS,unit,615,60-61,61,615,6158,TRUE
6159,MISCELLANEOUS ELECTRICAL AND ELECTRONIC EQUIPMENT REPAIRERS,unit,615,60-61,61,615,6159,TRUE
6171,"CAMERA, WATCH, ADN OTHER PRECISION INSTRUMENT REPAIRERS",unit,617,60-61,61,617,6171,TRUE
6172,MUSICAL INSTRUMENT REPAIRERS AND TUNERS,unit,617,60-61,61,617,6172,TRUE
6173,LOCKSMITHS AND SAFE REPAIRERS,unit,617,60-61,61,617,6173,TRUE
6174,OFFICE MACHINE REPAIRERS,unit,617,60-61,61,617,6174,TRUE
6175,MECHANICAL CONTROLS AND VALVE REPAIRERS,unit,617,60-61,61,617,6175,TRUE
6176,ELEVATOR INSTALLERS AND REPAIRERS,unit,617,60-61,61,617,6176,TRUE
6177,RIGGERS,unit,617,60-61,61,617,6177,TRUE
6178,MILLWRIGHTS,unit,617,60-61,61,617,6178,TRUE
6179,"MECHANICS AND REPAIRERS, NEC",unit,617,60-61,61,617,6179,TRUE
6311,SUPERVISORS; OVERALL CONSTRUCTION,unit,631,63-65,63,631,6311,TRUE
6312,"SUPERVISORS; BRICKMASONS, STONEMASONS, AND HARD TILE SETTERS",unit,631,63-65,63,631,6312,TRUE
6313,SUPERVISORS; CARPENTERS AND RELATED WORKERS,unit,631,63-65,63,631,6313,TRUE
6314,SUPERVISORS; ELECTRICIANS AND POWER TRANSMISSION INSTALLERS,unit,631,63-65,63,631,6314,TRUE
6315,"SUPERVISORS; PAINTERS, PAPERHANGERS, AND PLASTERERS",unit,631,63-65,63,631,6315,TRUE
6316,SUPERVISORS; PLUMBERS AND PIPEFITTERS AND STEAMFITTERS,unit,631,63-65,63,631,6316,TRUE
6318,SUPERVISORS; OTHER CONSTRUCTION TRADES,unit,631,63-65,63,631,6318,TRUE
6412,BRICKMASONS,unit,641,63-65,64,641,6412,TRUE
6413,STONEMASONS,unit,641,63-65,64,641,6413,TRUE
6414,"TILE SETTERS, HARD",unit,641,63-65,64,641,6414,TRUE
6422,CARPENTERS,unit,642,63-65,64,642,6422,TRUE
6424,DRYWALL INSTALLERS,unit,642,63-65,64,642,6424,TRUE
6432,ELECTRICIANS,unit,643,63-65,64,643,6432,TRUE
6433,ELECTRICAL POWER INSTALLERS AND REPAIRERS,unit,643,63-65,64,643,6433,TRUE
6442,PAINTERS (CONSTRUCTION AND MAINTENANCE),unit,644,63-65,64,644,6442,TRUE
6443,PAPERHANGERS,unit,644,63-65,64,644,6443,TRUE
6444,PLASTERERS,unit,644,63-65,64,644,6444,TRUE
6462,CARPET AND SOFT TILE INSTALLERS,unit,646-7,63-65,64,646-7,6462,TRUE
6463,CONCRETE AND TERRAZZO FINISHERS,unit,646-7,63-65,64,646-7,6463,TRUE
6464,GLAZIERS,unit,646-7,63-65,64,646-7,6464,TRUE
6465,INSULATION WORKERS,unit,646-7,63-65,64,646-7,6465,TRUE
6466,"PAVING, SURFACING, AND TAMPING EQUIPMENT OPERATORS",unit,646-7,63-65,64,646-7,6466,TRUE
6467,RAIL AND TRACK LAYING EQUIPMENT OPERATORS,unit,646-7,63-65,64,646-7,6467,TRUE
6468,ROOFERS,unit,646-7,63-65,64,646-7,6468,TRUE
6472,SHEETMETAL DUCT INSTALLERS,unit,646-7,63-65,64,646-7,6472,TRUE
6473,STRUCTURAL METAL WORKERS,unit,646-7,63-65,64,646-7,6473,TRUE
6474,"DRILLERS, EARTH",unit,646-7,63-65,64,646-7,6474,TRUE
6475,AIR HAMMER OPERATORS,unit,646-7,63-65,64,646-7,6475,TRUE
6476,PILE DRIVING OPERATORS,unit,646-7,63-65,64,646-7,6476,TRUE
6479,"CONSTRUCTION TRADES, NEC",unit,646-7,63-65,64,646-7,6479,TRUE
6811,TOOL AND DIE MAKERS,unit,681-2,67-69,68,681-2,6811,TRUE
6812,PRECISION ASSEMBLERS (METAL),unit,681-2,67-69,68,681-2,6812,TRUE
6813,MACHINISTS,unit,681-2,67-69,68,681-2,6813,TRUE
6814,BOILERMAKERS,unit,681-2,67-69,68,681-2,6814,TRUE
6816,"PRECISION GRINDERS, FITTERS, AND TOOL SHARPENERS",unit,681-2,67-69,68,681-2,6816,TRUE
6817,PATTERNMAKERS AND MODEL MAKERS (METAL),unit,681-2,67-69,68,681-2,6817,TRUE
6821,LAY-OUT WORKERS,unit,681-2,67-69,68,681-2,6821,TRUE
6822,PRECISION HAND MOLDERS AND SHAPERS (JEWELERS),unit,681-2,67-69,68,681-2,6822,TRUE
6823,ENGRAVERS,unit,681-2,67-69,68,681-2,6823,TRUE
6824,SHEET METAL WORKERS,unit,681-2,67-69,68,681-2,6824,TRUE
6829,MISCELLANEOUS PRECISION METAL WORKERS,unit,681-2,67-69,68,681-2,6829,TRUE
6831,"PATTERNMAKERS AND MODEL MAKERS, WOOD",unit,683,67-69,68,683,6831,TRUE
6832,CABINET MAKERS AND BENCH CARPENTERS,unit,683,67-69,68,683,6832,TRUE
6835,FURNITURE FINISHERS,unit,683,67-69,68,683,6835,TRUE
6839,MISCELLANEOUS PRECISION WOODWORKERS,unit,683,67-69,68,683,6839,TRUE
6841,PRECISION TYPESETTERS,unit,684,67-69,68,684,6841,TRUE
6842,PRECISION LITHOGRAPHERS AND PHOTOENGRAVERS,unit,684,67-69,68,684,6842,TRUE
6844,BOOKBINDERS,unit,684,67-69,68,684,6844,TRUE
6849,MISCELLANEOUS PRECISION PRINTING OCCUPATIONS,unit,684,67-69,68,684,6849,TRUE
6852,"TAILORS AND DRESSMAKERS, HAND",unit,685,67-69,68,685,6852,TRUE
6853,UPHOLSTERERS,unit,685,67-69,68,685,6853,TRUE
6854,SHOEMAKERS AND LEATHER WORKERS AND REPAIRERS,unit,685,67-69,68,685,6854,TRUE
6855,"PRECISION LAUNDERING, CLEANING, AND DYEING OCCUPATIONS",unit,685,67-69,68,685,6855,TRUE
6856,APPAREL AND FABRIC PATTERNMAKERS,unit,685,67-69,68,685,6856,TRUE
6859,MISCELLANEOUS PRECISION APPAREL AND FABRIC WORKERS,unit,685,67-69,68,685,6859,TRUE
6861,PRECISION HAND MOLDERS AND SHAPERS,unit,686,67-69,68,686,6861,TRUE
6862,"PRECISION PATTERNMAKERS, LAY-OUT WORKERS AND CUTTERS",unit,686,67-69,68,686,6862,TRUE
6863,DETAIL DESIGN PAINTERS AND DECORATORS,unit,686,67-69,68,686,6863,TRUE
6864,OPTICAL GOODS WORKERS,unit,686,67-69,68,686,6864,TRUE
6865,DENTAL LABORATORY AND MEDICAL APPLIANCE TECHNICIANS,unit,686,67-69,68,686,6865,TRUE
6866,GEM AND DIAMOND WORKING OCCUPATIONS,unit,686,67-69,68,686,6866,TRUE
6867,PRECISION ELECTRICAL AND ELECTRONIC EQUIPMENT ASEMBLERS,unit,686,67-69,68,686,6867,TRUE
6868,PHOTOGRAPHIC PRECESS WORKERS,unit,686,67-69,68,686,6868,TRUE
6869,"MISCELLANEOUS PRECISION WORKERS, NEC",unit,686,67-69,68,686,6869,TRUE
6871,BUTCHERS AND MEAT CUTTERS,unit,687,67-69,68,687,6871,TRUE
6872,BAKERS,unit,687,67-69,68,687,6872,TRUE
6873,"BATCHMAKERS (CANDYMAKERS, CHEESEMAKERS, ETC.)",unit,687,67-69,68,687,6873,TRUE
6879,MISCELLANEOUS PRECISION FOOD WORKERS,unit,687,67-69,68,687,6879,TRUE
6881,"PRECISION INSPECTORS, TESTERS, AND GRADERS",unit,688,67-69,68,688,6881,TRUE
6882,PRECISION ADJUSTERS AND CALIBRATORS,unit,688,67-69,68,688,6882,TRUE
6931,STATIONARY ENGINEERS,unit,693,67-69,69,693,6931,TRUE
6932,"POWER PLANT AND SYSTEMS OPERATORS, EXCEPT STATIONARY ENGINEERS",unit,693,67-69,69,693,6932,TRUE
7312,LATHE AND TURNING MACHINE SETUP OPERATORS,unit,731-2,71-78,73-74,731-2,7312,TRUE
7313,MILLING AND PLANING MACHINE SETUP OPERATORS,unit,731-2,71-78,73-74,731-2,7313,TRUE
7314,PUNCHING AND SHEARING MACHINE SETUP OPERATORS,unit,731-2,71-78,73-74,731-2,7314,TRUE
7315,EXTRUDING AND DRAWING MACHINE SETUP OPERATORS,unit,731-2,71-78,73-74,731-2,7315,TRUE
7316,ROLLING MACHINE SETUP OPERATORS,unit,731-2,71-78,73-74,731-2,7316,TRUE
7317,PRESS AND BRAKE MACHINE SETUP OPERATORS,unit,731-2,71-78,73-74,731-2,7317,TRUE
7318,DRILLING AND BORING MACHINE SETUP OPERATORS,unit,731-2,71-78,73-74,731-2,7318,TRUE
7319,FORGING MACHINE SETUP OPERATORS,unit,731-2,71-78,73-74,731-2,7319,TRUE
7322,"GRINDING, ABRADING, BUFFING, AND POLISHING MACHINE SETUP OPERATORS",unit,731-2,71-78,73-74,731-2,7322,TRUE
7324,LAPPING AND HONING MACHINE SETUP OPERATORS,unit,731-2,71-78,73-74,731-2,7324,TRUE
7326,NUMERICAL CONTROL MACHINE SETUP OPERATORS,unit,731-2,71-78,73-74,731-2,7326,TRUE
7329,MISCELLANEOUS METALWORKING AND PLASTIC WORKING MACHINE SETUP OPERATORS,unit,731-2,71-78,73-74,731-2,7329,TRUE
7332,WELDING MACHINE SETUP OPERATORS,unit,733,71-78,73-74,733,7332,TRUE
7333,SOLDERING AND BRAZING MACHINE SETUP OPERATORS,unit,733,71-78,73-74,733,7333,TRUE
7339,MISCELLANEOUS FABRICATING MACHINE SETUP OPERATORS,unit,733,71-78,73-74,733,7339,TRUE
7342,MOLDING AND CASTING MACHINE SETUP OPERATORS,unit,734,71-78,73-74,734,7342,TRUE
7343,PLATING AND COATING MACHINE SETUP OPERATORS,unit,734,71-78,73-74,734,7343,TRUE
7344,HEATING EQUIPMENT SETUP OPERATORS,unit,734,71-78,73-74,734,7344,TRUE
7349,MISCELLANEOUS METAL AND PLASTIC PROCESSING MACHINE SETUP OPERATORS,unit,734,71-78,73-74,734,7349,TRUE
7431,LATHE AND TURNING MACHINE SETUP OPERATORS,unit,743,71-78,73-74,743,7431,TRUE
7432,ROUTER AND PLANER MACHINE SETUP OPERATORS,unit,743,71-78,73-74,743,7432,TRUE
7433,SAWING MACHINE SETUP OPERATORS,unit,743,71-78,73-74,743,7433,TRUE
7434,SANDING MACHINE SETUP OPERATORS,unit,743,71-78,73-74,743,7434,TRUE
7435,SHAPING AND JOINING MACHINE STUP OPERATORS,unit,743,71-78,73-74,743,7435,TRUE
7439,MISCELLANEOUS WOODWORKING MACHINE SETUP OPERATORS,unit,743,71-78,73-74,743,7439,TRUE
7443,PRINTING PRESS SETUP OPERATORS,unit,744,71-78,73-74,744,7443,TRUE
7444,PHOTOENGRAVING AND LITHOGRAPHING MACHINE SETUP OPERATORS,unit,744,71-78,73-74,744,7444,TRUE
7449,MISCELLANEOUS PRINTING MACHINE SETUP OPERATORS,unit,744,71-78,73-74,744,7449,TRUE
7451,WINDING AND TWISTING MACHINE SETUP OPERATORS,unit,745,71-78,73-74,745,7451,TRUE
7452,KNITTING AND WEAVING MACHINE SETUP OPERATORS,unit,745,71-78,73-74,745,7452,TRUE
7459,"TEXTILE MACHINE SETUP OPERATORS, NEC",unit,745,71-78,73-74,745,7459,TRUE
7462,PACKAGING AND FILING MACHINE SETUP OPERATORS,unit,746-7,71-78,73-74,746-7,7462,TRUE
7463,EXTRUDING AND FORMING MACHINE SETUP OPERATORS,unit,746-7,71-78,73-74,746-7,7463,TRUE
7467,COMPRESSING AND COMPACTING MACHINE SETUP OPERATORS,unit,746-7,71-78,73-74,746-7,7467,TRUE
7472,ROASTING AND BAKING MACHINE SETUP OPERATORS,unit,746-7,71-78,73-74,746-7,7472,TRUE
7474,FOLDING MACHINE SETUP OPERATORS,unit,746-7,71-78,73-74,746-7,7474,TRUE
7476,"STILL, CLARIFYING, AND PRECIPITATING MACHINE SETUP OPERATORS",unit,746-7,71-78,73-74,746-7,7476,TRUE
7477,"CRUSHING, GRINDING AND POLISHING MACHINE SETUP OPERATORS",unit,746-7,71-78,73-74,746-7,7477,TRUE
7478,SLICING AND CUTTING MACHINE SETUP OEPRATORS,unit,746-7,71-78,73-74,746-7,7478,TRUE
7479,MISCELLANEOUS MACHINE SETUP OPERATORS,unit,746-7,71-78,73-74,746-7,7479,TRUE
7512,LATHE AND TURNING MACHINE OPERATORS AND TENDERS,unit,751-2,71-78,75-76,751-2,7512,TRUE
7513,MILLING AND PLANING MACHINE OPERATORS AND TENDERS,unit,751-2,71-78,75-76,751-2,7513,TRUE
7514,PUNCHING AND SHEARING MACHINE OPERATORS AND TENDERS,unit,751-2,71-78,75-76,751-2,7514,TRUE
7515,EXTRUDING AND DRAWING MACHINE OPERATORS AND TENDERS,unit,751-2,71-78,75-76,751-2,7515,TRUE
7516,ROLLING MACHINE OPERATORS AND TENDERS,unit,751-2,71-78,75-76,751-2,7516,TRUE
7517,PRESS AND BRAKE MACHINE OPERATORS AND TENDERS,unit,751-2,71-78,75-76,751-2,7517,TRUE
7518,DRILLING AND BORING MACHINE OPERATORS AND TENDERS,unit,751-2,71-78,75-76,751-2,7518,TRUE
7519,FORGING MACHINE OPERATORS AND TENDERS,unit,751-2,71-78,75-76,751-2,7519,TRUE
7522,"GRINDING, ABRADING, BUFFING AND POLISHING MACHINE OPERATORS AND TENDERS",unit,751-2,71-78,75-76,751-2,7522,TRUE
7529,MISCELLANEOUS METALWORKING AND PLASTIC WORKING MACHINE OPERATORS AND TENDERS,unit,751-2,71-78,75-76,751-2,7529,TRUE
7532,WELDING MACHINE OPERATORS AND TENDERS,unit,753,71-78,75-76,753,7532,TRUE
7533,SOLDERING AND BRAZING MACHINE OPERATORS AND TENDERS,unit,753,71-78,75-76,753,7533,TRUE
7539,MISCELLANEOUS FABRICATING MACHINE OPERATORS AND TENDERS,unit,753,71-78,75-76,753,7539,TRUE
7542,MOLDING AND CASTING MACHINE OPERATORS AND TENDERS,unit,754,71-78,75-76,754,7542,TRUE
7543,PLATING AND COATING MACHINE OPERATORS AND TENDERS,unit,754,71-78,75-76,754,7543,TRUE
7544,HEATING EQUIPMENT OPERATORS AND TENDERS,unit,754,71-78,75-76,754,7544,TRUE
7549,MISCELLANEOUS METAL AND PLASTIC PROCESSING MACHINE OPERATORS AND TENDERS,unit,754,71-78,75-76,754,7549,TRUE
7631,LATHE AND TURNING MACHINE OPERATORS AND TENDERS,unit,763,71-78,75-76,763,7631,TRUE
7632,ROUTER AND PLANER MACHINE OPERATORS AND TENDERS,unit,763,71-78,75-76,763,7632,TRUE
7633,SAWING MACHINE OPERATORS AND TENDERS,unit,763,71-78,75-76,763,7633,TRUE
7634,SANDING MACHINE OPERATORS AND TENDERS,unit,763,71-78,75-76,763,7634,TRUE
7635,SHAPING AND JOINING MACHINE OPERATORS AND TENDERS,unit,763,71-78,75-76,763,7635,TRUE
7636,NAILING AND TRACKING MACHINE OPERATORS AND TENDERS,unit,763,71-78,75-76,763,7636,TRUE
7639,MISCELLANEOUS WOODWORKING MACHINE OPERATORS AND TENDERS,unit,763,71-78,75-76,763,7639,TRUE
7642,TYPESETTING AND COMPOSING MACHINE OPERATORS AND TENDERS,unit,764,71-78,75-76,764,7642,TRUE
7643,PRINTING MACHINE OPERATORS AND TENDERS,unit,764,71-78,75-76,764,7643,TRUE
7644,PHOTOENGRAVING AND LITHOGRAPHING MACHINE OPERATORS AND TENDERS,unit,764,71-78,75-76,764,7644,TRUE
7649,"PRINTING MACHINE OPERATORS AND TENDERS, NEC",unit,764,71-78,75-76,764,7649,TRUE
7651,WINDING AND TWISTING MACHINE OPERATORS AND TENDERS,unit,765,71-78,75-76,765,7651,TRUE
7652,KNITTING AND WEAVING MACHINE OPERATORS AND TENDERS,unit,765,71-78,75-76,765,7652,TRUE
7654,TEXTILE CUTTING MACHINE OPERATOR AND TENDERS,unit,765,71-78,75-76,765,7654,TRUE
7655,TEXTILE SEWING MACHINE OPERATORS AND TENDERS,unit,765,71-78,75-76,765,7655,TRUE
7656,SHOE MACHINE OPERATORS AND TENDERS,unit,765,71-78,75-76,765,7656,TRUE
7657,PRESSING MACHINE OPERATORS,unit,765,71-78,75-76,765,7657,TRUE
7658,LAUNDERING AND DRY CLEANING MACHINE OPERATORS AND TENDERS,unit,765,71-78,75-76,765,7658,TRUE
7659,MISCELLANEOUS TEXTILE MACHINE OPERATORS AND TENDERS,unit,765,71-78,75-76,765,7659,TRUE
7661,CEMENTING AND GLUING MACHINE OPERATORS AND TENDERS,unit,766-7,71-78,75-76,766-7,7661,TRUE
7662,PACKAGING AND FILLING MACHINE OPERATORS AND TENDERS,unit,766-7,71-78,75-76,766-7,7662,TRUE
7663,EXTRUDING AND FORMING MACHINE OPERATORS AND TENDERS,unit,766-7,71-78,75-76,766-7,7663,TRUE
7664,MIXING AND BLENDING MACHINE OPERATORS AND TENDERS,unit,766-7,71-78,75-76,766-7,7664,TRUE
7665,COOLING AND FREEZING EQUIPMENT OPERATORS AND TENDERS,unit,766-7,71-78,75-76,766-7,7665,TRUE
7666,SEPARATING AND FILTERING MACHINE OPERATORS AND TENDERS,unit,766-7,71-78,75-76,766-7,7666,TRUE
7667,COMPRESSING AND COMPACTING MACHINE OPERATORS AND TENDERS,unit,766-7,71-78,75-76,766-7,7667,TRUE
7668,BOILER OPERATORS AND TENDERS (LOW PRESSURE),unit,766-7,71-78,75-76,766-7,7668,TRUE
7669,"COATING, PAINTING, AND SPRAYING MACHINE OPERATORS AND TENDERS",unit,766-7,71-78,75-76,766-7,7669,TRUE
7671,PHOTOGRAPHIC PROCESSING MACHINE OPERATORS,unit,766-7,71-78,75-76,766-7,7671,TRUE
7672,ROASTING AND BAKING MACHINE OPERATORS AND TENDERS,unit,766-7,71-78,75-76,766-7,7672,TRUE
7673,"WASHING, CLEANING AND PICKLING EQUIPMENT OPERATORS AND TENDERS",unit,766-7,71-78,75-76,766-7,7673,TRUE
7674,FOLDING MACHINE OPERATORS AND TENDERS,unit,766-7,71-78,75-76,766-7,7674,TRUE
7675,"FURNACE, KILN, AND OVEN OPERATORS AND TENDERS",unit,766-7,71-78,75-76,766-7,7675,TRUE
7676,"STILL, CLARIFIER AND PRECIPITATOR OPERATORS AND TENDERS",unit,766-7,71-78,75-76,766-7,7676,TRUE
7677,CRUSHING AND GRINDING MACHINE OPERATORS AND TENDERS,unit,766-7,71-78,75-76,766-7,7677,TRUE
7678,SLICING AND CUTTING MACHINE OPERATORS AND TENDERS,unit,766-7,71-78,75-76,766-7,7678,TRUE
7679,"MISCELLANEOUS MACHINE OPERATORS AND TENDERS, NEC",unit,766-7,71-78,75-76,766-7,7679,TRUE
7714,WELDERS AND CUTTERS,unit,771,71-78,77,771,7714,TRUE
7717,SOLDERERS AND BRAZERS,unit,771,71-78,77,771,7717,TRUE
7752,HAND SEWING OCCUPATIONS,unit,775,71-78,77,775,7752,TRUE
7753,HAND CUTTING AND TRIMMING OCCUPATIONS,unit,775,71-78,77,775,7753,TRUE
7754,HAND MOLDING AND CASTING OCCUPATIONS,unit,775,71-78,77,775,7754,TRUE
7755,HAND FORMING AND SHAPING OCCUPATIONS,unit,775,71-78,77,775,7755,TRUE
7756,"HAND PAINTING, COATING AND DECORATING OCCUPATIONS",unit,775,71-78,77,775,7756,TRUE
7757,HAND ENGRAVING AND PRINTING OCCUPATIONS,unit,775,71-78,77,775,7757,TRUE
7758,HAND GRINDING AND POLISHING OCCUPATIONS,unit,775,71-78,77,775,7758,TRUE
7759,MISCELLANEOUS HAND WORKING OCCUPATIONS,unit,775,71-78,77,775,7759,TRUE
8111,SUPERVISORS; MOTOR VEHICLE OPERATORS,unit,811,81-83,81,811,8111,TRUE
8113,RAILROAD CONDUCTORS AND YARDMASTERS,unit,811,81-83,81,811,8113,TRUE
8212,"TRUCK DRIVERS, TRACTOR-TRAILER",unit,821,81-83,82,821,8212,TRUE
8213,"TRUCK DRIVERS, HEAVY",unit,821,81-83,82,821,8213,TRUE
8214,"TRUCK DRIVERS, LIGHT (INCLUDING DELIVERY AND ROUTE DRIVERS)",unit,821,81-83,82,821,8214,TRUE
8215,BUS DRIVERS,unit,821,81-83,82,821,8215,TRUE
8216,TAXICAB DRIVERS AND CHAUFFEURS,unit,821,81-83,82,821,8216,TRUE
8218,DRIVER-SALES WORKERS,unit,821,81-83,82,821,8218,TRUE
8219,"OTHER MOTOR TRANSPORTATION OCCUPATIONS, NEC",unit,821,81-83,82,821,8219,TRUE
8232,LOCOMOTIVE OPERATING OCCUPATIONS,unit,823,81-83,82,823,8232,TRUE
8233,"RAILROAD BRAKE, SIGNAL, AND SWITCH OPERATORS",unit,823,81-83,82,823,8233,TRUE
8239,"RAIL VEHICLE OPERATORS, NEC",unit,823,81-83,82,823,8239,TRUE
8241,"SHIP CAPTAINS AND MATES, EXCEPT FISHING BOATS",unit,824,81-83,82,824,8241,TRUE
8242,BOAT AND BARGE OPERATORS,unit,824,81-83,82,824,8242,TRUE
8243,SAILORS AND DECKHANDS,unit,824,81-83,82,824,8243,TRUE
8244,MARINE ENGINEERS,unit,824,81-83,82,824,8244,TRUE
8245,"BRIDGE, LOCK, AND LIGHTHOUSE TENDERS",unit,824,81-83,82,824,8245,TRUE
8312,OPERATING ENGINEERS,unit,831,81-83,83,831,8312,TRUE
8313,LONGSHORE EQUIPMENT OPERATORS,unit,831,81-83,83,831,8313,TRUE
8314,HOIST AND WINCH OPERATORS,unit,831,81-83,83,831,8314,TRUE
8315,CRANE AND TOWER OPERATORS,unit,831,81-83,83,831,8315,TRUE
8316,EXCAVATING AND LOADING MACHINE OPERATORS,unit,831,81-83,83,831,8316,TRUE
8317,"GRADER, DOZER, AND SCRAPER OPERATORS",unit,831,81-83,83,831,8317,TRUE
8318,INDUSTRIAL TRUCK AND TRACTOR EQUIPMENT OPERATORS,unit,831,81-83,83,831,8318,TRUE
8319,MISCELLANEOUS MATERIAL MOVING EQUIPMENT OPERATORS,unit,831,81-83,83,831,8319,TRUE
8611,HELPERS; METALWORKING AND PLASTIC WORKING MACHINE OPERATORS,unit,861,85-87,86,861,8611,TRUE
8614,HELPERS; METAL AND PLASTIC PROCESSING MACHINE OPERATORS,unit,861,85-87,86,861,8614,TRUE
8615,HELPERS; WOODWORKING MACHINE OPERATORS AND TENDERS,unit,861,85-87,86,861,8615,TRUE
8616,HELPERS; PRINTING MACHINE OPERATORS AND TENDERS,unit,861,85-87,86,861,8616,TRUE
8617,"HELPERS; TEXTILE, APPAREL AND FURNISHINGS MACHINE OPERATORS",unit,861,85-87,86,861,8617,TRUE
8618,HELPERS; MACHINE OPERATORS AND TENDERS ASSORTED MATERIALS,unit,861,85-87,86,861,8618,TRUE
8619,HELPERS; PRECISION PRODUCTION OCCUPATIONS AND SETUP OPERATORS,unit,861,85-87,86,861,8619,TRUE
8632,HELPERS; VEHICLE AND MOBILE EQUIPMENT MECHANICS AND REPAIRERS,unit,863,85-87,86,863,8632,TRUE
8633,HELPERS; INDUSTRIAL MACHINERY REPAIRERS,unit,863,85-87,86,863,8633,TRUE
8635,HELPERS; ELECTRICAL AND ELECTRONIC EQUIPMENT REPAIRERS,unit,863,85-87,86,863,8635,TRUE
8637,HELPERS; MISCELLANEOUS MECHANICS AND REPAIRERS,unit,863,85-87,86,863,8637,TRUE
8641,"HELPERS; BRICKMASONS, STONEMASONS, AND HARD TILE SETTER",unit,864,85-87,86,864,8641,TRUE
8642,HELPERS; CARPENTERS AND RELATED WORKERS,unit,864,85-87,86,864,8642,TRUE
8643,HELPERS; ELECTRICIANS AND POWER TRANSMISSION INSTALLERS,unit,864,85-87,86,864,8643,TRUE
8644,"HELPERS; PAINTERS, PAPERHANGERS, AND PLASTERERS",unit,864,85-87,86,864,8644,TRUE
8645,"HELPERS; PLUMBERS, PIPEFITTERS AND STEAMFITTERS",unit,864,85-87,86,864,8645,TRUE
8646,HELPERS; SURVEYOR'S,unit,864,85-87,86,864,8646,TRUE
8648,HELPERS; OTHER CONSTRUCTION TRADES,unit,864,85-87,86,864,8648,TRUE
8722,GARBAGE COLLECTORS,unit,872,85-87,87,872,8722,TRUE
8723,STEVEDORES,unit,872,85-87,87,872,8723,TRUE
8724,STOCK HANDLERS AND BAGGERS,unit,872,85-87,87,872,8724,TRUE
8725,MACHINE FEEDERS AND OFFBEARERS,unit,872,85-87,87,872,8725,TRUE
8726,"FREIGHT, STOCK, AND MATERIAL MOVERS, HAND, NEC",unit,872,85-87,87,872,8726,TRUE
8761,HAND PACKERS AND PACKAGERS,unit,876,85-87,87,876,8761,TRUE
8769,"MANUAL OCCUPATIONS, NEC",unit,876,85-87,87,876,8769,TRUE
9911,GRADUATE ASSISTANT,unit,991,99-99,99,991,9911,TRUE
9951,"HOUSEWIVES, UNPAID",unit,995,99-99,99,995,9951,TRUE
9952,"HOME GARDENERS, UNPAID",unit,995,99-99,99,995,9952,TRUE
9953,"STUDENTS, UNPAID",unit,995,99-99,99,995,9953,TRUE
9954,"VOLUNTEERS, NEC",unit,995,99-99,99,995,9954,TRUE
2212,"ATMOSPHERIC, EARTH, MARINE, AND SPACE SCIENCES TEACHERS",unit,22,22-25,22,NA,2212,TRUE
2213,BIOLOGICAL SCIENCES TEACHERS,unit,22,22-25,22,NA,2213,TRUE
2214,CHEMISTRY TEACHERS,unit,22,22-25,22,NA,2214,TRUE
2215,PHYSICS TEACHERS,unit,22,22-25,22,NA,2215,TRUE
2216,"NATURAL SCIENCES TEACHERS, NEC",unit,22,22-25,22,NA,2216,TRUE
2217,PSYCHOLOGY TEACHERS,unit,22,22-25,22,NA,2217,TRUE
2218,ECONOMICS TEACHERS,unit,22,22-25,22,NA,2218,TRUE
2222,HISTORY TEACHERS,unit,22,22-25,22,NA,2222,TRUE
2223,POLITICAL SCIENCE TEACHERS,unit,22,22-25,22,NA,2223,TRUE
2224,SOCIOLOGY TEACHERS,unit,22,22-25,22,NA,2224,TRUE
2225,"SOCIAL SCIENCES TEACHERS, NEC",unit,22,22-25,22,NA,2225,TRUE
2226,ENGINEERING TEACHERS,unit,22,22-25,22,NA,2226,TRUE
2227,MATHEMATICAL SCIENCES TEACHERS,unit,22,22-25,22,NA,2227,TRUE
2228,COMPUTER SCIENCE TEACHERS,unit,22,22-25,22,NA,2228,TRUE
2231,MEDICAL SCIENCE TEACHERS,unit,22,22-25,22,NA,2231,TRUE
2232,"HEALTH SPECIALTIES TEACHERS, NEC",unit,22,22-25,22,NA,2232,TRUE
2233,"BUSINESS, COMMERCE AND MARKETING TEACHERS",unit,22,22-25,22,NA,2233,TRUE
2234,AGRICULTURE TEACHERS,unit,22,22-25,22,NA,2234,TRUE
2235,"ART, DRAMA, AND MUSIC TEACHERS",unit,22,22-25,22,NA,2235,TRUE
2236,PHYSICAL EDUCATION TEACHERS,unit,22,22-25,22,NA,2236,TRUE
2237,EDUCATION TEACHERS,unit,22,22-25,22,NA,2237,TRUE
2238,ENGLISH TEACHERS,unit,22,22-25,22,NA,2238,TRUE
2242,FOREIGN LANGUAGE TEACHERS,unit,22,22-25,22,NA,2242,TRUE
2243,LAW TEACHERS,unit,22,22-25,22,NA,2243,TRUE
2244,SOCIAL WORK TEACHERS,unit,22,22-25,22,NA,2244,TRUE
2245,THEOLOGY TEACHERS,unit,22,22-25,22,NA,2245,TRUE
2246,TRADE AND INDUSTRIAL TEACHERS,unit,22,22-25,22,NA,2246,TRUE
2247,HOME ECONOMICS TEACHERS,unit,22,22-25,22,NA,2247,TRUE
2249,"TEACHERS; POSTSECONDARY, NEC",unit,22,22-25,22,NA,2249,TRUE
4511,SUPERVISORS; GENERAL OFFICE OCCUPATIONS,unit,45,45-47,45,NA,4511,TRUE
4512,SUPERVISORS; COMPUTER AND PERIPHERAL EQUIPMENT OPERATORS,unit,45,45-47,45,NA,4512,TRUE
4513,"SUPERVISORS; SECRETARIES, STENOGRAPHERS AND TYPISTS",unit,45,45-47,45,NA,4513,TRUE
4514,SUPERVISORS; INFORMATION CLERKS,unit,45,45-47,45,NA,4514,TRUE
4516,SUPERVISORS; CORRESPONDENCE CLERKS AND ORDER CLERKS,unit,45,45-47,45,NA,4516,TRUE
4519,SUPERVISORS; RECORD CLERKS,unit,45,45-47,45,NA,4519,TRUE
4521,SUPERVISORS; FINANICAL RECORD PROCESSING OCCUPATIONS,unit,45,45-47,45,NA,4521,TRUE
4522,"SUPERVISORS; DUPLICATING, MAIL AND OTHER OFFICE MACHINE OPERATORS",unit,45,45-47,45,NA,4522,TRUE
4523,CHIEF COMMUNICATIONS OPERATORS,unit,45,45-47,45,NA,4523,TRUE
4524,SUPERVISORS; MAIL AND MESSAGE DISTRIBUTION CLERKS,unit,45,45-47,45,NA,4524,TRUE
4525,"SUPERVISORS; MATERIAL RECORDING, SCHEDULING, AND DISTRI",unit,45,45-47,45,NA,4525,TRUE
4528,"SUPERVISORS; ADJUSTERS, INVESTIGATORS, AND COLLECTORS",unit,45,45-47,45,NA,4528,TRUE
4529,SUPERVISORS; MISCELLANEOUS ADMINISTRATIVE SUPPORT OCCUPATIONS,unit,45,45-47,45,NA,4529,TRUE
9992,MISSING DATA,unit,99,99-99,99,NA,9992,TRUE
9994,MISSING DATA,unit,99,99-99,99,NA,9994,TRUE
9996,MISSING DATA,unit,99,99-99,99,NA,9996,TRUE
9998,MISSING DATA,unit,99,99-99,99,NA,9998,TRUE
9999,MISSING DATA,unit,99,99-99,99,NA,9999,TRUE